"title","state","description","impact_percentage","workers_total","workers_risk","workers_risk_percentage","risk_level","workers_risk_level","idhm","pib"
"ADAMANTINA","SP","ADAMANTINA / SP","0.55","10433","3824","0.37","3","3","0.79","1054541.00"
"AGUAÍ","SP","AGUAÍ / SP","0.5","6976","1919","0.28","5","5","0.715","942709.00"
"AGUDOS","SP","AGUDOS / SP","0.55","8445","3085","0.37","3","4","0.745","2063022.00"
"ALUMÍNIO","SP","ALUMÍNIO / SP","0.51","6277","1080","0.17","5","5","0.766","1853577.00"
"AMERICANA","SP","AMERICANA / SP","0.54","71515","23397","0.33","4","1","0.811","10382873.00"
"AMÉRICO BRASILIENSE","SP","AMÉRICO BRASILIENSE / SP","0.52","9640","2761","0.29","5","4","0.751","948260.00"
"AMPARO","SP","AMPARO / SP","0.53","23824","7217","0.3","4","2","0.606","24393.00"
"ANDRADINA","SP","ANDRADINA / SP","0.55","15439","5375","0.35","3","3","0.779","1971995.00"
"ANGATUBA","SP","ANGATUBA / SP","0.51","5052","1795","0.36","5","5","0.719","963361.00"
"APARECIDA","SP","APARECIDA / SP","0.58","11490","5334","0.46","1","3","0.578","72217.00"
"ARAÇARIGUAMA","SP","ARAÇARIGUAMA / SP","0.53","9995","2504","0.25","4","4","0.704","2844224.00"
"ARAÇATUBA","SP","ARAÇATUBA / SP","0.56","52301","21492","0.41","3","1","0.788","6970533.00"
"ARAÇOIABA DA SERRA","SP","ARAÇOIABA DA SERRA / SP","0.54","5310","1765","0.33","4","5","0.776","668034.00"
"ARARAQUARA","SP","ARARAQUARA / SP","0.56","73820","27996","0.38","3","1","0.815","9009108.00"
"ARARAS","SP","ARARAS / SP","0.53","37614","11627","0.31","4","1","0.781","5284021.00"
"ARTUR NOGUEIRA","SP","ARTUR NOGUEIRA / SP","0.52","9464","3075","0.32","5","4","0.749","1081069.00"
"ARUJÁ","SP","ARUJÁ / SP","0.53","22962","6566","0.29","4","2","0.784","5311877.00"
"ASSIS","SP","ASSIS / SP","0.57","21375","9275","0.43","2","2","0.805","3303948.00"
"ATIBAIA","SP","ATIBAIA / SP","0.55","39235","14237","0.36","3","1","0.765","6162799.00"
"AVARÉ","SP","AVARÉ / SP","0.54","21862","7742","0.35","4","2","0.767","2621040.00"
"BARIRI","SP","BARIRI / SP","0.52","8600","2434","0.28","5","4","0.75","1146339.00"
"BARRA BONITA","SP","BARRA BONITA / SP","0.51","11320","3122","0.28","5","4","0.788","1387795.00"
"BARRETOS","SP","BARRETOS / SP","0.57","31812","12536","0.39","2","1","0.789","4443581.00"
"BARUERI","SP","BARUERI / SP","0.54","251308","78149","0.31","4","1","0.786","47553589.00"
"BASTOS","SP","BASTOS / SP","0.57","7509","4302","0.57","2","3","0.751","1048120.00"
"BATATAIS","SP","BATATAIS / SP","0.52","15259","4760","0.31","5","3","0.761","1479439.00"
"BAURU","SP","BAURU / SP","0.57","124472","49020","0.39","2","1","0.801","13771753.00"
"BEBEDOURO","SP","BEBEDOURO / SP","0.47","26756","7757","0.29","5","2","0.78","3260501.00"
"BERTIOGA","SP","BERTIOGA / SP","0.58","13028","5646","0.43","1","2","0.73","1606553.00"
"BIRIGUI","SP","BIRIGUI / SP","0.52","31977","9760","0.31","5","2","0.78","3146638.00"
"BOITUVA","SP","BOITUVA / SP","0.53","22827","4771","0.21","4","3","0.78","2696866.00"
"BOM JESUS DOS PERDÕES","SP","BOM JESUS DOS PERDÕES / SP","0.51","5401","1307","0.24","5","5","0.713","863923.00"
"BOTUCATU","SP","BOTUCATU / SP","0.55","40567","15324","0.38","3","1","0.8","4290669.00"
"BRAGANÇA PAULISTA","SP","BRAGANÇA PAULISTA / SP","0.55","44629","15685","0.35","3","1","0.776","5672443.00"
"BROTAS","SP","BROTAS / SP","0.5","6993","2225","0.32","5","4","0.74","804016.00"
"CABREÚVA","SP","CABREÚVA / SP","0.51","14107","2760","0.2","5","4","0.738","4294324.00"
"CAÇAPAVA","SP","CAÇAPAVA / SP","0.53","21790","6199","0.28","4","2","0.788","4075123.00"
"CACHOEIRA PAULISTA","SP","CACHOEIRA PAULISTA / SP","0.56","5252","2079","0.4","3","5","0.764","591381.00"
"CAIEIRAS","SP","CAIEIRAS / SP","0.54","19454","5392","0.28","4","3","0.781","3289605.00"
"CAJAMAR","SP","CAJAMAR / SP","0.52","38948","8204","0.21","5","2","0.728","15003191.00"
"CAJATI","SP","CAJATI / SP","0.52","6364","1663","0.26","5","5","0.694","1565335.00"
"CAMPINAS","SP","CAMPINAS / SP","0.57","406047","156353","0.39","2","1","0.805","59053563.00"
"CAMPO LIMPO PAULISTA","SP","CAMPO LIMPO PAULISTA / SP","0.55","12783","4086","0.32","3","3","0.769","1922194.00"
"CAMPOS DO JORDÃO","SP","CAMPOS DO JORDÃO / SP","0.59","12853","6550","0.51","1","2","0.749","1195551.00"
"CÂNDIDO MOTA","SP","CÂNDIDO MOTA / SP","0.53","5675","1687","0.3","4","5","0.747","1005667.00"
"CAPÃO BONITO","SP","CAPÃO BONITO / SP","0.54","8042","3155","0.39","4","4","0.721","814415.00"
"CAPIVARI","SP","CAPIVARI / SP","0.54","15249","4933","0.32","4","3","0.75","1877375.00"
"CARAGUATATUBA","SP","CARAGUATATUBA / SP","0.6","22852","11774","0.52","1","1","0.759","2928286.00"
"CARAPICUÍBA","SP","CARAPICUÍBA / SP","0.56","34506","13710","0.4","3","1","0.749","5494357.00"
"CASA BRANCA","SP","CASA BRANCA / SP","0.48","6669","1833","0.27","5","5","0.73","801722.00"
"CATANDUVA","SP","CATANDUVA / SP","0.56","35919","14754","0.41","3","1","0.785","3974659.00"
"CERQUILHO","SP","CERQUILHO / SP","0.52","12355","3190","0.26","5","4","0.782","1743257.00"
"COLINA","SP","COLINA / SP","0.5","5083","1361","0.27","5","5","0.757","948979.00"
"CONCHAL","SP","CONCHAL / SP","0.52","5509","1695","0.31","5","5","0.708","656033.00"
"CORDEIRÓPOLIS","SP","CORDEIRÓPOLIS / SP","0.5","9579","2151","0.22","5","5","0.758","2610037.00"
"COSMÓPOLIS","SP","COSMÓPOLIS / SP","0.55","9397","3180","0.34","3","4","0.769","1575661.00"
"COTIA","SP","COTIA / SP","0.55","73178","24929","0.34","3","1","0.78","11573369.00"
"CRAVINHOS","SP","CRAVINHOS / SP","0.51","9024","2423","0.27","5","4","0.756","1035236.00"
"CRUZEIRO","SP","CRUZEIRO / SP","0.53","16342","5060","0.31","4","3","0.788","2136729.00"
"CUBATÃO","SP","CUBATÃO / SP","0.55","28956","8303","0.29","3","2","0.737","12336913.00"
"DESCALVADO","SP","DESCALVADO / SP","0.51","9689","2658","0.27","5","4","0.76","1643346.00"
"DIADEMA","SP","DIADEMA / SP","0.53","87890","25305","0.29","4","1","0.757","13412703.00"
"DOIS CÓRREGOS","SP","DOIS CÓRREGOS / SP","0.52","5061","1778","0.35","5","5","0.725","653858.00"
"DRACENA","SP","DRACENA / SP","0.56","10057","4334","0.43","3","3","0.776","1166835.00"
"ELIAS FAUSTO","SP","ELIAS FAUSTO / SP","0.48","5149","920","0.18","5","5","0.695","632336.00"
"EMBU-GUAÇU","SP","EMBU-GUAÇU / SP","0.54","8239","2642","0.32","4","4","0.749","1043490.00"
"EMBU DAS ARTES","SP","EMBU DAS ARTES / SP","0.55","44003","14144","0.32","3","1","0.735","11713049.00"
"ESPÍRITO SANTO DO PINHAL","SP","ESPÍRITO SANTO DO PINHAL / SP","0.51","11691","3143","0.27","5","4","0.787","1259012.00"
"FERNANDÓPOLIS","SP","FERNANDÓPOLIS / SP","0.55","16366","6283","0.38","3","2","0.797","1930276.00"
"FERRAZ DE VASCONCELOS","SP","FERRAZ DE VASCONCELOS / SP","0.54","19134","6109","0.32","4","2","0.738","2989860.00"
"FRANCA","SP","FRANCA / SP","0.55","84716","32408","0.38","3","1","0.78","9409310.00"
"FRANCISCO MORATO","SP","FRANCISCO MORATO / SP","0.62","9839","5888","0.6","1","2","0.703","1464628.00"
"FRANCO DA ROCHA","SP","FRANCO DA ROCHA / SP","0.59","16503","7226","0.44","1","2","0.731","3029794.00"
"GARÇA","SP","GARÇA / SP","0.53","10609","3602","0.34","4","3","0.769","1159125.00"
"GUAÍRA","SP","GUAÍRA / SP","0.47","14414","2693","0.19","5","4","0.753","3697276.00"
"GUARARAPES","SP","GUARARAPES / SP","0.53","6471","2246","0.35","4","4","0.763","987256.00"
"GUARAREMA","SP","GUARAREMA / SP","0.53","7548","2038","0.27","4","5","0.731","960960.00"
"GUARATINGUETÁ","SP","GUARATINGUETÁ / SP","0.56","28350","11184","0.39","3","2","0.798","5277694.00"
"GUARIBA","SP","GUARIBA / SP","0.52","7081","2057","0.29","5","5","0.719","889457.00"
"GUARUJÁ","SP","GUARUJÁ / SP","0.59","47851","22780","0.48","1","1","0.751","8589741.00"
"GUARULHOS","SP","GUARULHOS / SP","0.55","328500","115669","0.35","3","1","0.763","55743650.00"
"HOLAMBRA","SP","HOLAMBRA / SP","0.47","9963","3053","0.31","5","4","0.793","908165.00"
"HORTOLÂNDIA","SP","HORTOLÂNDIA / SP","0.54","43232","13354","0.31","4","1","0.756","12928628.00"
"IBATÉ","SP","IBATÉ / SP","0.51","5768","1513","0.26","5","5","0.703","915873.00"
"IBITINGA","SP","IBITINGA / SP","0.52","14646","4350","0.3","5","3","0.747","1481596.00"
"IBIÚNA","SP","IBIÚNA / SP","0.51","14177","4602","0.32","5","3","0.71","1632767.00"
"IGARAPAVA","SP","IGARAPAVA / SP","0.53","5565","1955","0.35","4","5","0.768","1076232.00"
"ILHABELA","SP","ILHABELA / SP","0.6","8085","4047","0.5","1","3","0.756","6153610.00"
"INDAIATUBA","SP","INDAIATUBA / SP","0.54","74619","22300","0.3","4","1","0.788","13489932.00"
"IPERÓ","SP","IPERÓ / SP","0.53","6238","1574","0.25","4","5","0.719","564350.00"
"IRACEMÁPOLIS","SP","IRACEMÁPOLIS / SP","0.5","6674","1436","0.22","5","5","0.776","1309627.00"
"ITAÍ","SP","ITAÍ / SP","0.48","5591","1658","0.3","5","5","0.713","587796.00"
"ITANHAÉM","SP","ITANHAÉM / SP","0.61","14181","7314","0.52","1","2","0.745","1855370.00"
"ITAPECERICA DA SERRA","SP","ITAPECERICA DA SERRA / SP","0.56","22464","8667","0.39","3","2","0.742","3281942.00"
"ITAPETININGA","SP","ITAPETININGA / SP","0.54","36230","12457","0.34","4","1","0.763","4458857.00"
"ITAPEVA","SP","ITAPEVA / SP","0.54","19869","7090","0.36","4","2","0.72","302770.00"
"ITAPEVI","SP","ITAPEVI / SP","0.55","33995","11546","0.34","3","1","0.735","11597557.00"
"ITAPIRA","SP","ITAPIRA / SP","0.53","23494","6786","0.29","4","2","0.762","3457944.00"
"ITÁPOLIS","SP","ITÁPOLIS / SP","0.49","10559","2850","0.27","5","4","0.744","1373099.00"
"ITAQUAQUECETUBA","SP","ITAQUAQUECETUBA / SP","0.54","41420","13258","0.32","4","1","0.714","6932298.00"
"ITARARÉ","SP","ITARARÉ / SP","0.56","8445","3193","0.38","3","4","0.703","875364.00"
"ITATIBA","SP","ITATIBA / SP","0.54","32810","9700","0.3","4","2","0.778","5566364.00"
"ITIRAPINA","SP","ITIRAPINA / SP","0.55","5043","1512","0.3","3","5","0.724","386254.00"
"ITU","SP","ITU / SP","0.54","55050","20014","0.36","4","1","0.773","7572821.00"
"ITUPEVA","SP","ITUPEVA / SP","0.52","27497","7086","0.26","5","2","0.762","6124416.00"
"ITUVERAVA","SP","ITUVERAVA / SP","0.57","7224","3366","0.47","2","3","0.765","1619182.00"
"JABOTICABAL","SP","JABOTICABAL / SP","0.54","21415","6954","0.32","4","2","0.778","2752005.00"
"JACAREÍ","SP","JACAREÍ / SP","0.55","49321","16356","0.33","3","1","0.777","11696354.00"
"JAGUARIÚNA","SP","JAGUARIÚNA / SP","0.52","34318","7210","0.21","5","2","0.784","11346028.00"
"JALES","SP","JALES / SP","0.57","11238","4681","0.42","2","3","0.776","1394460.00"
"JANDIRA","SP","JANDIRA / SP","0.55","18139","6348","0.35","3","2","0.76","4028508.00"
"JARDINÓPOLIS","SP","JARDINÓPOLIS / SP","0.53","8929","2707","0.3","4","4","0.735","1072305.00"
"JARINU","SP","JARINU / SP","0.52","8513","2106","0.25","5","5","0.733","2251523.00"
"JAÚ","SP","JAÚ / SP","0.56","37812","14707","0.39","3","1","0.778","4560371.00"
"JOSÉ BONIFÁCIO","SP","JOSÉ BONIFÁCIO / SP","0.51","9825","2695","0.27","5","4","0.777","1389991.00"
"JUNDIAÍ","SP","JUNDIAÍ / SP","0.55","164698","55073","0.33","3","1","0.822","41227953.00"
"JUNQUEIRÓPOLIS","SP","JUNQUEIRÓPOLIS / SP","0.51","5517","1619","0.29","5","5","0.745","613203.00"
"JUQUITIBA","SP","JUQUITIBA / SP","0.57","5270","1681","0.32","2","5","0.709","485671.00"
"LARANJAL PAULISTA","SP","LARANJAL PAULISTA / SP","0.52","9017","2155","0.24","5","5","0.729","1007472.00"
"LEME","SP","LEME / SP","0.54","21913","7049","0.32","4","2","0.744","2978265.00"
"LENÇÓIS PAULISTA","SP","LENÇÓIS PAULISTA / SP","0.53","18319","5521","0.3","4","3","0.764","2569703.00"
"LIMEIRA","SP","LIMEIRA / SP","0.53","81857","24487","0.3","4","1","0.775","12154751.00"
"LINS","SP","LINS / SP","0.52","24844","7070","0.28","5","2","0.786","3573980.00"
"LORENA","SP","LORENA / SP","0.57","16759","6416","0.38","2","2","0.766","2439667.00"
"LOUVEIRA","SP","LOUVEIRA / SP","0.52","16938","3964","0.23","5","3","0.777","13805962.00"
"LUCÉLIA","SP","LUCÉLIA / SP","0.55","8285","1958","0.24","3","5","0.752","428339.00"
"LUÍS ANTÔNIO","SP","LUÍS ANTÔNIO / SP","0.41","6809","827","0.12","5","5","0.731","1323520.00"
"MAIRINQUE","SP","MAIRINQUE / SP","0.57","9961","3704","0.37","2","3","0.743","1706174.00"
"MAIRIPORÃ","SP","MAIRIPORÃ / SP","0.55","13120","4510","0.34","3","3","0.788","1716735.00"
"MARÍLIA","SP","MARÍLIA / SP","0.57","68447","27885","0.41","2","1","0.798","7719607.00"
"MATÃO","SP","MATÃO / SP","0.46","30449","7074","0.23","5","2","0.773","3821843.00"
"MAUÁ","SP","MAUÁ / SP","0.55","64142","20589","0.32","3","1","0.766","16286409.00"
"MIRASSOL","SP","MIRASSOL / SP","0.53","13928","4400","0.32","4","3","0.762","1956637.00"
"MOCOCA","SP","MOCOCA / SP","0.51","16358","5386","0.33","5","3","0.762","2228392.00"
"MOGI DAS CRUZES","SP","MOGI DAS CRUZES / SP","0.56","101663","39692","0.39","3","1","0.783","14470623.00"
"MOGI GUAÇU","SP","MOGI GUAÇU / SP","0.52","38882","11727","0.3","5","1","0.774","5557420.00"
"MOGI MIRIM","SP","MOGI MIRIM / SP","0.54","27589","9077","0.33","4","2","0.784","4456895.00"
"MONGAGUÁ","SP","MONGAGUÁ / SP","0.59","6325","3067","0.48","1","4","0.754","986035.00"
"MONTE ALTO","SP","MONTE ALTO / SP","0.52","13358","3916","0.29","5","3","0.768","1622754.00"
"MONTE MOR","SP","MONTE MOR / SP","0.54","12913","4291","0.33","4","3","0.733","2917997.00"
"MORRO AGUDO","SP","MORRO AGUDO / SP","0.49","7822","1886","0.24","5","5","0.712","1328960.00"
"NOVA ODESSA","SP","NOVA ODESSA / SP","0.51","19547","3922","0.2","5","3","0.791","3175071.00"
"NOVO HORIZONTE","SP","NOVO HORIZONTE / SP","0.51","9739","2708","0.28","5","4","0.597","75730.00"
"OLÍMPIA","SP","OLÍMPIA / SP","0.54","15213","5520","0.36","4","3","0.773","2072343.00"
"ORLÂNDIA","SP","ORLÂNDIA / SP","0.53","11452","3686","0.32","4","3","0.78","1781347.00"
"OSASCO","SP","OSASCO / SP","0.56","157389","60998","0.39","3","1","0.776","77910496.00"
"OSVALDO CRUZ","SP","OSVALDO CRUZ / SP","0.53","7353","2459","0.33","4","4","0.762","878449.00"
"OURINHOS","SP","OURINHOS / SP","0.56","26611","10733","0.4","3","2","0.778","2999648.00"
"PARAGUAÇU PAULISTA","SP","PARAGUAÇU PAULISTA / SP","0.49","12667","3295","0.26","5","3","0.762","1235133.00"
"PAULÍNIA","SP","PAULÍNIA / SP","0.54","41442","12776","0.31","4","1","0.795","35346490.00"
"PEDERNEIRAS","SP","PEDERNEIRAS / SP","0.51","12420","3447","0.28","5","3","0.739","1723581.00"
"PEDREIRA","SP","PEDREIRA / SP","0.51","13208","3422","0.26","5","3","0.769","1128534.00"
"PENÁPOLIS","SP","PENÁPOLIS / SP","0.56","15010","5456","0.36","3","3","0.759","1580120.00"
"PEREIRA BARRETO","SP","PEREIRA BARRETO / SP","0.52","5368","1896","0.35","5","5","0.766","817570.00"
"PERUÍBE","SP","PERUÍBE / SP","0.6","9115","4542","0.5","1","3","0.749","1346872.00"
"PIEDADE","SP","PIEDADE / SP","0.51","7933","2612","0.33","5","4","0.716","1217773.00"
"PILAR DO SUL","SP","PILAR DO SUL / SP","0.52","6726","1753","0.26","5","5","0.69","640684.00"
"PINDAMONHANGABA","SP","PINDAMONHANGABA / SP","0.55","31320","11190","0.36","3","2","0.773","7003490.00"
"PIRACICABA","SP","PIRACICABA / SP","0.55","123041","42212","0.34","3","1","0.785","21896872.00"
"PIRAJU","SP","PIRAJU / SP","0.55","5971","2877","0.48","3","4","0.758","700235.00"
"PIRAPOZINHO","SP","PIRAPOZINHO / SP","0.56","5442","1933","0.36","3","5","0.776","962053.00"
"PIRASSUNUNGA","SP","PIRASSUNUNGA / SP","0.52","20281","6242","0.31","5","2","0.801","2605700.00"
"PITANGUEIRAS","SP","PITANGUEIRAS / SP","0.49","7713","2033","0.26","5","5","0.723","1183500.00"
"POÁ","SP","POÁ / SP","0.57","26032","11480","0.44","2","1","0.771","4216622.00"
"POMPÉIA","SP","POMPÉIA / SP","0.5","7522","1645","0.22","5","5","0.786","825898.00"
"PONTAL","SP","PONTAL / SP","0.47","9113","1811","0.2","5","5","0.725","1213736.00"
"PORTO FELIZ","SP","PORTO FELIZ / SP","0.52","15213","4290","0.28","5","3","0.758","1926483.00"
"PORTO FERREIRA","SP","PORTO FERREIRA / SP","0.52","15391","4661","0.3","5","3","0.751","1975018.00"
"PRADÓPOLIS","SP","PRADÓPOLIS / SP","0.46","7194","1287","0.18","5","5","0.733","840208.00"
"PRAIA GRANDE","SP","PRAIA GRANDE / SP","0.59","49203","22707","0.46","1","1","0.754","6688614.00"
"PRESIDENTE EPITÁCIO","SP","PRESIDENTE EPITÁCIO / SP","0.58","5461","2621","0.48","1","4","0.75","853036.00"
"PRESIDENTE PRUDENTE","SP","PRESIDENTE PRUDENTE / SP","0.57","64926","26620","0.41","2","1","0.806","7806813.00"
"PRESIDENTE VENCESLAU","SP","PRESIDENTE VENCESLAU / SP","0.56","5036","2157","0.43","3","5","0.763","721893.00"
"PROMISSÃO","SP","PROMISSÃO / SP","0.52","8722","2061","0.24","5","5","0.743","1826151.00"
"RANCHARIA","SP","RANCHARIA / SP","0.52","6884","2186","0.32","5","5","0.751","1323712.00"
"REGISTRO","SP","REGISTRO / SP","0.56","13507","5696","0.42","3","2","0.754","1950928.00"
"RIBEIRÃO PIRES","SP","RIBEIRÃO PIRES / SP","0.56","21115","7422","0.35","3","2","0.784","3046465.00"
"RIBEIRÃO PRETO","SP","RIBEIRÃO PRETO / SP","0.58","229990","96921","0.42","1","1","0.8","35315843.00"
"RIO CLARO","SP","RIO CLARO / SP","0.53","61764","17597","0.28","4","1","0.683","346903.00"
"RIO DAS PEDRAS","SP","RIO DAS PEDRAS / SP","0.49","8883","1709","0.19","5","5","0.759","1194153.00"
"SALTO","SP","SALTO / SP","0.55","31045","9344","0.3","3","2","0.78","6869003.00"
"SALTO DE PIRAPORA","SP","SALTO DE PIRAPORA / SP","0.54","6328","1866","0.29","4","5","0.729","1633062.00"
"SANTA CRUZ DAS PALMEIRAS","SP","SANTA CRUZ DAS PALMEIRAS / SP","0.51","5547","2148","0.39","5","5","0.728","501910.00"
"SANTA CRUZ DO RIO PARDO","SP","SANTA CRUZ DO RIO PARDO / SP","0.49","14339","4007","0.28","5","3","0.762","2042409.00"
"SANTA FÉ DO SUL","SP","SANTA FÉ DO SUL / SP","0.56","8824","3390","0.38","3","3","0.784","1013729.00"
"SANTA GERTRUDES","SP","SANTA GERTRUDES / SP","0.48","7858","2109","0.27","5","5","0.737","1571921.00"
"SANTA ISABEL","SP","SANTA ISABEL / SP","0.55","10345","3695","0.36","3","3","0.738","1353632.00"
"SANTA RITA DO PASSA QUATRO","SP","SANTA RITA DO PASSA QUATRO / SP","0.58","6259","2785","0.44","1","4","0.775","641179.00"
"SANTANA DE PARNAÍBA","SP","SANTANA DE PARNAÍBA / SP","0.54","54375","16281","0.3","4","1","0.814","8583623.00"
"SANTO ANDRÉ","SP","SANTO ANDRÉ / SP","0.58","205401","82972","0.4","1","1","0.6","24161.00"
"SANTO ANTÔNIO DE POSSE","SP","SANTO ANTÔNIO DE POSSE / SP","0.49","7375","1800","0.24","5","5","0.702","1043905.00"
"SANTOS","SP","SANTOS / SP","0.58","177763","73757","0.41","1","1","0.84","22532672.00"
"SÃO BERNARDO DO CAMPO","SP","SÃO BERNARDO DO CAMPO / SP","0.55","247315","85028","0.34","3","1","0.805","44680389.00"
"SÃO CAETANO DO SUL","SP","SÃO CAETANO DO SUL / SP","0.56","105630","39268","0.37","3","1","0.862","13106959.00"
"SÃO CARLOS","SP","SÃO CARLOS / SP","0.56","73896","27888","0.38","3","1","0.805","10475655.00"
"SÃO JOÃO DA BOA VISTA","SP","SÃO JOÃO DA BOA VISTA / SP","0.55","24575","8665","0.35","3","2","0.797","2923319.00"
"SÃO JOAQUIM DA BARRA","SP","SÃO JOAQUIM DA BARRA / SP","0.51","11986","3391","0.28","5","3","0.762","1533653.00"
"SÃO JOSÉ DO RIO PARDO","SP","SÃO JOSÉ DO RIO PARDO / SP","0.54","14380","4899","0.34","4","3","0.774","1727261.00"
"SÃO JOSÉ DO RIO PRETO","SP","SÃO JOSÉ DO RIO PRETO / SP","0.57","138557","59352","0.43","2","1","0.797","16493968.00"
"SÃO JOSÉ DOS CAMPOS","SP","SÃO JOSÉ DOS CAMPOS / SP","0.56","183159","69257","0.38","3","1","0.807","39829404.00"
"SÃO LOURENÇO DA SERRA","SP","SÃO LOURENÇO DA SERRA / SP","0.56","7362","1349","0.18","3","5","0.728","206752.00"
"SÃO MANUEL","SP","SÃO MANUEL / SP","0.52","7773","2568","0.33","5","4","0.744","1104715.00"
"SÃO PAULO","SP","SÃO PAULO / SP","0.58","4807737","2059128","0.43","1","1","0.805","699288352.00"
"SÃO PEDRO","SP","SÃO PEDRO / SP","0.56","6332","2519","0.4","3","4","0.589","58982.00"
"SÃO ROQUE","SP","SÃO ROQUE / SP","0.56","20802","7985","0.38","3","2","0.768","2724771.00"
"SÃO SEBASTIÃO","SP","SÃO SEBASTIÃO / SP","0.58","19429","7830","0.4","1","2","0.549","382296.00"
"SÃO VICENTE","SP","SÃO VICENTE / SP","0.6","34135","17552","0.51","1","1","0.642","62947.00"
"SERRA NEGRA","SP","SERRA NEGRA / SP","0.56","6336","2953","0.47","3","4","0.767","720861.00"
"SERRANA","SP","SERRANA / SP","0.51","6550","1919","0.29","5","5","0.729","941115.00"
"SERTÃOZINHO","SP","SERTÃOZINHO / SP","0.51","40188","10631","0.26","5","2","0.621","46041.00"
"SOCORRO","SP","SOCORRO / SP","0.55","7874","3088","0.39","3","4","0.729","822933.00"
"SOROCABA","SP","SOROCABA / SP","0.54","193658","60921","0.31","4","1","0.798","31852858.00"
"SUMARÉ","SP","SUMARÉ / SP","0.53","56940","17053","0.3","4","1","0.762","13744576.00"
"SUZANO","SP","SUZANO / SP","0.55","57574","21358","0.37","3","1","0.765","10761082.00"
"TABOÃO DA SERRA","SP","TABOÃO DA SERRA / SP","0.56","63115","24517","0.39","3","1","0.769","8843886.00"
"TAMBAÚ","SP","TAMBAÚ / SP","0.47","5414","1323","0.24","5","5","0.731","534539.00"
"TANABI","SP","TANABI / SP","0.51","5313","1609","0.3","5","5","0.748","938476.00"
"TAQUARITINGA","SP","TAQUARITINGA / SP","0.54","11019","3809","0.35","4","3","0.748","1469101.00"
"TARUMÃ","SP","TARUMÃ / SP","0.51","5363","1183","0.22","5","5","0.753","890298.00"
"TATUÍ","SP","TATUÍ / SP","0.54","28684","9604","0.33","4","2","0.752","3841153.00"
"TAUBATÉ","SP","TAUBATÉ / SP","0.56","79808","28447","0.36","3","1","0.8","16799723.00"
"TIETÊ","SP","TIETÊ / SP","0.53","13811","3739","0.27","4","3","0.778","1739795.00"
"TUPÃ","SP","TUPÃ / SP","0.57","16416","6881","0.42","2","2","0.771","1760413.00"
"UBATUBA","SP","UBATUBA / SP","0.59","18562","9162","0.49","1","2","0.751","1964761.00"
"VALINHOS","SP","VALINHOS / SP","0.55","46582","15488","0.33","3","1","0.819","5734500.00"
"VALPARAÍSO","SP","VALPARAÍSO / SP","0.5","5320","1344","0.25","5","5","0.725","989934.00"
"VARGEM GRANDE DO SUL","SP","VARGEM GRANDE DO SUL / SP","0.53","7184","2409","0.34","4","4","0.737","945585.00"
"VARGEM GRANDE PAULISTA","SP","VARGEM GRANDE PAULISTA / SP","0.53","11381","3158","0.28","4","4","0.77","1805301.00"
"VÁRZEA PAULISTA","SP","VÁRZEA PAULISTA / SP","0.54","16614","5144","0.31","4","3","0.759","2658620.00"
"VINHEDO","SP","VINHEDO / SP","0.53","35159","8939","0.25","4","2","0.817","8729936.00"
"VOTORANTIM","SP","VOTORANTIM / SP","0.57","18468","7051","0.38","2","2","0.767","3001782.00"
"VOTUPORANGA","SP","VOTUPORANGA / SP","0.55","28701","11093","0.39","3","2","0.79","2808057.00"
"CRUZEIRO DO SUL","AC","CRUZEIRO DO SUL / AC","0.6","8376","4375","0.52","1","3","0.664","1287722.00"
"RIO BRANCO","AC","RIO BRANCO / AC","0.6","90430","48167","0.53","1","1","0.727","8151494.00"
"ARAPIRACA","AL","ARAPIRACA / AL","0.58","37421","17513","0.47","1","1","0.649","4100975.00"
"ATALAIA","AL","ATALAIA / AL","0.45","5065","1687","0.33","5","5","0.561","765632.00"
"CORURIPE","AL","CORURIPE / AL","0.41","11338","2006","0.18","5","5","0.626","1378288.00"
"MACEIÓ","AL","MACEIÓ / AL","0.58","226621","101915","0.45","1","1","0.721","21827917.00"
"MARECHAL DEODORO","AL","MARECHAL DEODORO / AL","0.51","9854","2796","0.28","5","4","0.642","1900327.00"
"PALMEIRA DOS ÍNDIOS","AL","PALMEIRA DOS ÍNDIOS / AL","0.62","7904","4849","0.61","1","3","0.638","778610.00"
"PENEDO","AL","PENEDO / AL","0.58","6618","3318","0.5","1","3","0.63","898339.00"
"RIO LARGO","AL","RIO LARGO / AL","0.44","14608","3504","0.24","5","3","0.643","1020537.00"
"SÃO JOSÉ DA LAJE","AL","SÃO JOSÉ DA LAJE / AL","0.36","6154","710","0.12","5","5","0.573","301828.00"
"SÃO LUÍS DO QUITUNDE","AL","SÃO LUÍS DO QUITUNDE / AL","0.39","8103","1280","0.16","5","5","0.536","416799.00"
"SÃO MIGUEL DOS CAMPOS","AL","SÃO MIGUEL DOS CAMPOS / AL","0.46","10656","2349","0.22","5","4","0.623","979181.00"
"COARI","AM","COARI / AM","0.6","7801","4901","0.63","1","3","0.586","1320621.00"
"ITACOATIARA","AM","ITACOATIARA / AM","0.61","9126","4477","0.49","1","3","0.644","1978815.00"
"MANACAPURU","AM","MANACAPURU / AM","0.61","5779","2850","0.49","1","4","0.614","1525165.00"
"MANAUS","AM","MANAUS / AM","0.57","467229","195440","0.42","2","1","0.737","73201651.00"
"PARINTINS","AM","PARINTINS / AM","0.61","5891","3378","0.57","1","3","0.658","1092092.00"
"PRESIDENTE FIGUEIREDO","AM","PRESIDENTE FIGUEIREDO / AM","0.52","5682","1713","0.3","5","5","0.647","444819.00"
"MACAPÁ","AP","MACAPÁ / AP","0.59","105823","61890","0.58","1","1","0.733","9994877.00"
"SANTANA","AP","SANTANA / AP","0.58","10114","5008","0.5","1","3","0.692","1909860.00"
"ALAGOINHAS","BA","ALAGOINHAS / BA","0.56","25510","9966","0.39","3","2","0.683","3509540.00"
"BARREIRAS","BA","BARREIRAS / BA","0.56","29432","11754","0.4","3","1","0.721","3889952.00"
"BOM JESUS DA LAPA","BA","BOM JESUS DA LAPA / BA","0.56","7451","3407","0.46","3","3","0.633","994315.00"
"BRUMADO","BA","BRUMADO / BA","0.55","13407","4266","0.32","3","3","0.656","1699701.00"
"CAMAÇARI","BA","CAMAÇARI / BA","0.54","73395","19149","0.26","4","1","0.694","23103227.00"
"CANDEIAS","BA","CANDEIAS / BA","0.56","13443","4826","0.36","3","3","0.691","3869589.00"
"CASA NOVA","BA","CASA NOVA / BA","0.45","8137","2987","0.37","5","4","0.57","667757.00"
"CATU","BA","CATU / BA","0.56","7265","2552","0.35","3","4","0.677","534564.00"
"CONCEIÇÃO DO COITÉ","BA","CONCEIÇÃO DO COITÉ / BA","0.57","5433","2322","0.43","2","4","0.611","752104.00"
"CONCEIÇÃO DO JACUÍPE","BA","CONCEIÇÃO DO JACUÍPE / BA","0.53","7009","2014","0.29","4","5","0.663","2301419.00"
"CORRENTINA","BA","CORRENTINA / BA","0.52","5323","1937","0.36","5","5","0.603","1264890.00"
"CRUZ DAS ALMAS","BA","CRUZ DAS ALMAS / BA","0.58","11155","5559","0.5","1","2","0.699","934530.00"
"EUNÁPOLIS","BA","EUNÁPOLIS / BA","0.54","21188","7780","0.37","4","2","0.677","2628454.00"
"FEIRA DE SANTANA","BA","FEIRA DE SANTANA / BA","0.57","116476","49449","0.42","2","1","0.712","13657295.00"
"GUANAMBI","BA","GUANAMBI / BA","0.57","11413","4768","0.42","2","3","0.673","1263761.00"
"ILHÉUS","BA","ILHÉUS / BA","0.57","31965","15553","0.49","2","1","0.69","3842397.00"
"IPIRÁ","BA","IPIRÁ / BA","0.55","6568","2014","0.31","3","5","0.549","647844.00"
"IRECÊ","BA","IRECÊ / BA","0.6","11524","5666","0.49","1","2","0.691","1080881.00"
"ITABERABA","BA","ITABERABA / BA","0.57","8894","3472","0.39","2","3","0.62","867835.00"
"ITABUNA","BA","ITABUNA / BA","0.58","40865","20659","0.51","1","1","0.712","3984074.00"
"ITAMARAJU","BA","ITAMARAJU / BA","0.54","7494","3019","0.4","4","4","0.627","873033.00"
"ITAPETINGA","BA","ITAPETINGA / BA","0.53","12519","3352","0.27","4","3","0.667","1082015.00"
"JACOBINA","BA","JACOBINA / BA","0.57","10948","4946","0.45","2","3","0.649","1269590.00"
"JEQUIÉ","BA","JEQUIÉ / BA","0.57","22870","9665","0.42","2","2","0.665","2557370.00"
"JUAZEIRO","BA","JUAZEIRO / BA","0.52","36183","12381","0.34","5","1","0.677","3700882.00"
"LAURO DE FREITAS","BA","LAURO DE FREITAS / BA","0.58","109958","39878","0.36","1","1","0.754","6286763.00"
"LUÍS EDUARDO MAGALHÃES","BA","LUÍS EDUARDO MAGALHÃES / BA","0.54","21638","7345","0.34","4","2","0.716","4804729.00"
"MATA DE SÃO JOÃO","BA","MATA DE SÃO JOÃO / BA","0.57","13991","6014","0.43","2","2","0.668","1053089.00"
"MUCURI","BA","MUCURI / BA","0.52","8188","3073","0.38","5","4","0.665","1976299.00"
"NOVA VIÇOSA","BA","NOVA VIÇOSA / BA","0.5","5241","1703","0.32","5","5","0.654","480306.00"
"PAULO AFONSO","BA","PAULO AFONSO / BA","0.58","14180","6178","0.44","1","2","0.674","2887776.00"
"POJUCA","BA","POJUCA / BA","0.55","6879","2243","0.33","3","4","0.666","867205.00"
"PORTO SEGURO","BA","PORTO SEGURO / BA","0.58","28846","13045","0.45","1","1","0.676","2820578.00"
"SALVADOR","BA","SALVADOR / BA","0.6","726355","364465","0.5","1","1","0.759","62717483.00"
"SANTO AMARO","BA","SANTO AMARO / BA","0.57","5180","2488","0.48","2","4","0.646","783606.00"
"SANTO ANTÔNIO DE JESUS","BA","SANTO ANTÔNIO DE JESUS / BA","0.56","21385","9199","0.43","3","2","0.7","2094611.00"
"SANTO ESTÊVÃO","BA","SANTO ESTÊVÃO / BA","0.55","7036","1804","0.26","3","5","0.626","726481.00"
"SÃO DESIDÉRIO","BA","SÃO DESIDÉRIO / BA","0.49","8489","2122","0.25","5","5","0.579","2355568.00"
"SÃO FRANCISCO DO CONDE","BA","SÃO FRANCISCO DO CONDE / BA","0.57","7405","2880","0.39","2","4","0.674","10211680.00"
"SÃO GONÇALO DOS CAMPOS","BA","SÃO GONÇALO DOS CAMPOS / BA","0.52","6980","1357","0.19","5","5","0.627","843419.00"
"SENHOR DO BONFIM","BA","SENHOR DO BONFIM / BA","0.58","8091","3329","0.41","1","3","0.666","813589.00"
"SERRINHA","BA","SERRINHA / BA","0.57","8016","3633","0.45","2","3","0.592","54688.00"
"SIMÕES FILHO","BA","SIMÕES FILHO / BA","0.54","33367","9123","0.27","4","2","0.675","5322068.00"
"TEIXEIRA DE FREITAS","BA","TEIXEIRA DE FREITAS / BA","0.56","24951","10429","0.42","3","2","0.685","2311886.00"
"VALENÇA","BA","VALENÇA / BA","0.57","11607","5034","0.43","2","3","0.623","1435290.00"
"VITÓRIA DA CONQUISTA","BA","VITÓRIA DA CONQUISTA / BA","0.57","70366","32033","0.46","2","1","0.678","6482663.00"
"AQUIRAZ","CE","AQUIRAZ / CE","0.56","16873","6598","0.39","3","2","0.641","2205364.00"
"ARACATI","CE","ARACATI / CE","0.56","10306","3955","0.38","3","3","0.655","1275383.00"
"BARBALHA","CE","BARBALHA / CE","0.6","9975","4634","0.46","1","3","0.683","926357.00"
"BREJO SANTO","CE","BREJO SANTO / CE","0.58","5575","2865","0.51","1","4","0.647","591148.00"
"CAMOCIM","CE","CAMOCIM / CE","0.57","5105","2420","0.47","2","4","0.62","663552.00"
"CANINDÉ","CE","CANINDÉ / CE","0.58","6254","2728","0.44","1","4","0.612","713663.00"
"CASCAVEL","CE","CASCAVEL / CE","0.55","7639","2532","0.33","3","4","0.646","895957.00"
"CAUCAIA","CE","CAUCAIA / CE","0.56","35436","14836","0.42","3","1","0.682","5860370.00"
"CRATEÚS","CE","CRATEÚS / CE","0.6","5727","2984","0.52","1","4","0.644","745267.00"
"CRATO","CE","CRATO / CE","0.58","17653","7839","0.44","1","2","0.713","1537562.00"
"EUSÉBIO","CE","EUSÉBIO / CE","0.54","37571","11441","0.3","4","2","0.701","2955751.00"
"FORTALEZA","CE","FORTALEZA / CE","0.58","660306","302419","0.46","1","1","0.754","61579403.00"
"HORIZONTE","CE","HORIZONTE / CE","0.48","17252","3176","0.18","5","4","0.658","1596807.00"
"IGUATU","CE","IGUATU / CE","0.57","13615","5978","0.44","2","2","0.677","1501966.00"
"ITAPIPOCA","CE","ITAPIPOCA / CE","0.58","12165","5442","0.45","1","3","0.64","1560065.00"
"JUAZEIRO DO NORTE","CE","JUAZEIRO DO NORTE / CE","0.59","49400","25194","0.51","1","1","0.694","4427525.00"
"LIMOEIRO DO NORTE","CE","LIMOEIRO DO NORTE / CE","0.53","7053","2607","0.37","4","4","0.682","916869.00"
"MARACANAÚ","CE","MARACANAÚ / CE","0.54","56655","17085","0.3","4","1","0.686","8537588.00"
"MARANGUAPE","CE","MARANGUAPE / CE","0.56","15159","7416","0.49","3","2","0.659","1367885.00"
"MORADA NOVA","CE","MORADA NOVA / CE","0.56","6783","2577","0.38","3","4","0.61","842267.00"
"PACAJUS","CE","PACAJUS / CE","0.55","8130","3137","0.39","3","4","0.659","1064219.00"
"PACATUBA","CE","PACATUBA / CE","0.55","6540","2508","0.38","3","4","0.675","1035662.00"
"QUIXADÁ","CE","QUIXADÁ / CE","0.58","7529","3700","0.49","1","3","0.659","937277.00"
"QUIXERAMOBIM","CE","QUIXERAMOBIM / CE","0.51","10902","3680","0.34","5","3","0.642","1037830.00"
"RUSSAS","CE","RUSSAS / CE","0.54","10390","3875","0.37","4","3","0.674","1129321.00"
"SÃO GONÇALO DO AMARANTE","CE","SÃO GONÇALO DO AMARANTE / CE","0.54","12308","3103","0.25","4","4","0.665","3081374.00"
"SOBRAL","CE","SOBRAL / CE","0.57","47299","17524","0.37","2","1","0.714","4455731.00"
"TIANGUÁ","CE","TIANGUÁ / CE","0.59","7858","4173","0.53","1","3","0.657","1247939.00"
"BRASÍLIA","DF","BRASÍLIA / DF","0.59","983845","463152","0.47","1","1","0.824","244682756.00"
"ANCHIETA","ES","ANCHIETA / ES","0.57","5705","2111","0.37","2","5","0.73","804889.00"
"ARACRUZ","ES","ARACRUZ / ES","0.54","27709","8562","0.31","4","2","0.752","5205061.00"
"BARRA DE SÃO FRANCISCO","ES","BARRA DE SÃO FRANCISCO / ES","0.56","6377","2375","0.37","3","4","0.683","784280.00"
"CACHOEIRO DE ITAPEMIRIM","ES","CACHOEIRO DE ITAPEMIRIM / ES","0.57","42606","17036","0.4","2","1","0.746","4766819.00"
"CARIACICA","ES","CARIACICA / ES","0.57","53507","21421","0.4","2","1","0.718","7973675.00"
"CASTELO","ES","CASTELO / ES","0.55","7099","2490","0.35","3","4","0.726","866647.00"
"COLATINA","ES","COLATINA / ES","0.56","32284","12285","0.38","3","1","0.746","3345122.00"
"DOMINGOS MARTINS","ES","DOMINGOS MARTINS / ES","0.54","5766","2140","0.37","4","5","0.669","703747.00"
"GUARAPARI","ES","GUARAPARI / ES","0.59","20524","9963","0.49","1","2","0.731","2160859.00"
"ITAPEMIRIM","ES","ITAPEMIRIM / ES","0.57","5115","2179","0.43","2","5","0.654","3127950.00"
"LINHARES","ES","LINHARES / ES","0.52","43012","13874","0.32","5","1","0.724","5480107.00"
"MARATAÍZES","ES","MARATAÍZES / ES","0.6","5355","2649","0.49","1","4","0.696","1611924.00"
"NOVA VENÉCIA","ES","NOVA VENÉCIA / ES","0.55","8554","3259","0.38","3","3","0.712","929379.00"
"SANTA MARIA DE JETIBÁ","ES","SANTA MARIA DE JETIBÁ / ES","0.54","7761","3146","0.41","4","4","0.671","1366854.00"
"SÃO GABRIEL DA PALHA","ES","SÃO GABRIEL DA PALHA / ES","0.54","6726","2169","0.32","4","5","0.709","569116.00"
"SÃO MATEUS","ES","SÃO MATEUS / ES","0.54","20440","7534","0.37","4","2","0.735","2113167.00"
"SERRA","ES","SERRA / ES","0.56","123838","40495","0.33","3","1","0.739","18538695.00"
"VENDA NOVA DO IMIGRANTE","ES","VENDA NOVA DO IMIGRANTE / ES","0.55","5816","2117","0.36","3","5","0.728","578712.00"
"VIANA","ES","VIANA / ES","0.55","14743","4805","0.33","3","3","0.618","409286.00"
"VILA VELHA","ES","VILA VELHA / ES","0.57","96687","40602","0.42","2","1","0.8","10994894.00"
"VITÓRIA","ES","VITÓRIA / ES","0.6","202089","100564","0.5","1","1","0.845","20255652.00"
"ÁGUAS LINDAS DE GOIÁS","GO","ÁGUAS LINDAS DE GOIÁS / GO","0.61","8794","4655","0.53","1","3","0.686","1783502.00"
"ALEXÂNIA","GO","ALEXÂNIA / GO","0.55","5312","2104","0.4","3","5","0.682","781339.00"
"ANÁPOLIS","GO","ANÁPOLIS / GO","0.55","94568","33047","0.35","3","1","0.737","14204319.00"
"APARECIDA DE GOIÂNIA","GO","APARECIDA DE GOIÂNIA / GO","0.56","107515","34946","0.33","3","1","0.718","12882844.00"
"BELA VISTA DE GOIÁS","GO","BELA VISTA DE GOIÁS / GO","0.51","5268","1521","0.29","5","5","0.716","954542.00"
"CALDAS NOVAS","GO","CALDAS NOVAS / GO","0.57","22292","9632","0.43","2","2","0.733","2336725.00"
"CATALÃO","GO","CATALÃO / GO","0.54","25101","8366","0.33","4","2","0.766","6231011.00"
"CERES","GO","CERES / GO","0.58","5452","2301","0.42","1","4","0.775","531303.00"
"CRISTALINA","GO","CRISTALINA / GO","0.47","12830","3045","0.24","5","4","0.699","2293764.00"
"FORMOSA","GO","FORMOSA / GO","0.56","16408","6611","0.4","3","2","0.744","2306355.00"
"GOIANÉSIA","GO","GOIANÉSIA / GO","0.51","14103","3910","0.28","5","3","0.727","1326891.00"
"GOIÂNIA","GO","GOIÂNIA / GO","0.58","563060","279856","0.5","1","1","0.799","49023142.00"
"GOIANIRA","GO","GOIANIRA / GO","0.54","5258","1810","0.34","4","5","0.694","894071.00"
"GOIATUBA","GO","GOIATUBA / GO","0.48","9252","2421","0.26","5","4","0.725","1539056.00"
"INHUMAS","GO","INHUMAS / GO","0.54","10469","3864","0.37","4","3","0.72","1118705.00"
"ITABERAÍ","GO","ITABERAÍ / GO","0.48","8689","1964","0.23","5","5","0.719","1263846.00"
"ITUMBIARA","GO","ITUMBIARA / GO","0.53","28358","10547","0.37","4","2","0.752","4144601.00"
"JARAGUÁ","GO","JARAGUÁ / GO","0.54","5513","2364","0.43","4","4","0.699","690979.00"
"JATAÍ","GO","JATAÍ / GO","0.54","21895","8884","0.41","4","2","0.757","4510376.00"
"LUZIÂNIA","GO","LUZIÂNIA / GO","0.56","22291","9434","0.42","3","2","0.701","3391349.00"
"MINEIROS","GO","MINEIROS / GO","0.54","16087","5784","0.36","4","2","0.718","2412898.00"
"MORRINHOS","GO","MORRINHOS / GO","0.5","10106","3037","0.3","5","4","0.588","147891.00"
"NERÓPOLIS","GO","NERÓPOLIS / GO","0.53","6366","1926","0.3","4","5","0.721","735048.00"
"NIQUELÂNDIA","GO","NIQUELÂNDIA / GO","0.55","5450","1840","0.34","3","5","0.715","1001073.00"
"NOVO GAMA","GO","NOVO GAMA / GO","0.59","5076","2882","0.57","1","4","0.684","922297.00"
"PALMEIRAS DE GOIÁS","GO","PALMEIRAS DE GOIÁS / GO","0.51","6942","1720","0.25","5","5","0.698","965226.00"
"PIRES DO RIO","GO","PIRES DO RIO / GO","0.52","7061","2158","0.31","5","5","0.744","893828.00"
"PLANALTINA","GO","PLANALTINA / GO","0.59","6751","3607","0.53","1","3","0.669","1017379.00"
"PORANGATU","GO","PORANGATU / GO","0.55","6513","2449","0.38","3","4","0.727","921704.00"
"QUIRINÓPOLIS","GO","QUIRINÓPOLIS / GO","0.5","11441","3057","0.27","5","4","0.74","1673690.00"
"RIO VERDE","GO","RIO VERDE / GO","0.55","58490","21749","0.37","3","1","0.754","9498289.00"
"SANTA HELENA DE GOIÁS","GO","SANTA HELENA DE GOIÁS / GO","0.54","6692","2708","0.4","4","4","0.724","1029013.00"
"SANTO ANTÔNIO DO DESCOBERTO","GO","SANTO ANTÔNIO DO DESCOBERTO / GO","0.6","5688","3173","0.56","1","4","0.665","653340.00"
"SÃO LUÍS DE MONTES BELOS","GO","SÃO LUÍS DE MONTES BELOS / GO","0.57","6264","3173","0.51","2","4","0.731","830543.00"
"SENADOR CANEDO","GO","SENADOR CANEDO / GO","0.55","17591","5691","0.32","3","2","0.701","3381748.00"
"TRINDADE","GO","TRINDADE / GO","0.53","15222","4079","0.27","4","3","0.595","281832.00"
"URUAÇU","GO","URUAÇU / GO","0.56","5789","2244","0.39","3","4","0.737","804990.00"
"VALPARAÍSO DE GOIÁS","GO","VALPARAÍSO DE GOIÁS / GO","0.6","15684","8600","0.55","1","2","0.746","2492501.00"
"AÇAILÂNDIA","MA","AÇAILÂNDIA / MA","0.55","15672","6197","0.4","3","2","0.672","2202287.00"
"BACABAL","MA","BACABAL / MA","0.59","8817","4584","0.52","1","3","0.651","1137995.00"
"BALSAS","MA","BALSAS / MA","0.57","18406","7995","0.43","2","2","0.687","3046413.00"
"CAXIAS","MA","CAXIAS / MA","0.61","10956","6186","0.56","1","2","0.624","1714089.00"
"CODÓ","MA","CODÓ / MA","0.61","8784","5142","0.59","1","3","0.595","957336.00"
"GRAJAÚ","MA","GRAJAÚ / MA","0.55","6717","2797","0.42","3","4","0.609","671916.00"
"IMPERATRIZ","MA","IMPERATRIZ / MA","0.58","55991","25203","0.45","1","1","0.731","6599567.00"
"PAÇO DO LUMIAR","MA","PAÇO DO LUMIAR / MA","0.6","7276","3711","0.51","1","3","0.724","869375.00"
"SANTA INÊS","MA","SANTA INÊS / MA","0.6","10192","5547","0.54","1","3","0.674","1225219.00"
"SÃO JOSÉ DE RIBAMAR","MA","SÃO JOSÉ DE RIBAMAR / MA","0.59","16910","7418","0.44","1","2","0.708","1996204.00"
"SÃO LUÍS","MA","SÃO LUÍS / MA","0.59","280928","144268","0.51","1","1","0.768","29727650.00"
"TIMON","MA","TIMON / MA","0.6","12638","6258","0.5","1","2","0.649","1802654.00"
"ALÉM PARAÍBA","MG","ALÉM PARAÍBA / MG","0.56","5314","2397","0.45","3","4","0.726","922183.00"
"ALFENAS","MG","ALFENAS / MG","0.56","20750","8451","0.41","3","2","0.761","2664046.00"
"ALMENARA","MG","ALMENARA / MG","0.58","5212","2409","0.46","1","4","0.642","496223.00"
"ANDRADAS","MG","ANDRADAS / MG","0.47","10734","2859","0.27","5","4","0.734","872682.00"
"ARAGUARI","MG","ARAGUARI / MG","0.55","23241","8513","0.37","3","2","0.773","4091891.00"
"ARAXÁ","MG","ARAXÁ / MG","0.56","27943","10859","0.39","3","2","0.772","5141111.00"
"ARCOS","MG","ARCOS / MG","0.54","11757","3875","0.33","4","3","0.749","1229696.00"
"BARBACENA","MG","BARBACENA / MG","0.57","26339","11651","0.44","2","1","0.769","2683459.00"
"BELO HORIZONTE","MG","BELO HORIZONTE / MG","0.58","1045232","449205","0.43","1","1","0.81","88951168.00"
"BELO ORIENTE","MG","BELO ORIENTE / MG","0.51","7232","1690","0.23","5","5","0.686","2065747.00"
"BETIM","MG","BETIM / MG","0.54","104230","31565","0.3","4","1","0.749","23088153.00"
"BOA ESPERANÇA","MG","BOA ESPERANÇA / MG","0.52","7157","2793","0.39","5","4","0.704","833111.00"
"BOCAIÚVA","MG","BOCAIÚVA / MG","0.54","7619","2653","0.35","4","4","0.7","797235.00"
"BOM DESPACHO","MG","BOM DESPACHO / MG","0.54","11131","4274","0.38","4","3","0.75","1211510.00"
"BRUMADINHO","MG","BRUMADINHO / MG","0.55","9427","2958","0.31","3","4","0.747","1988403.00"
"CAETÉ","MG","CAETÉ / MG","0.57","5032","2027","0.4","2","5","0.728","577870.00"
"CAMANDUCAIA","MG","CAMANDUCAIA / MG","0.55","5253","1809","0.34","3","5","0.689","605887.00"
"CAMBUÍ","MG","CAMBUÍ / MG","0.54","6705","2161","0.32","4","5","0.751","1348085.00"
"CAMPO BELO","MG","CAMPO BELO / MG","0.54","10143","3527","0.35","4","3","0.711","983869.00"
"CAPELINHA","MG","CAPELINHA / MG","0.54","5856","2002","0.34","4","5","0.653","605890.00"
"CARANGOLA","MG","CARANGOLA / MG","0.6","5171","2615","0.51","1","4","0.695","516515.00"
"CARATINGA","MG","CARATINGA / MG","0.57","17160","7243","0.42","2","2","0.706","1608693.00"
"CARMO DO PARANAÍBA","MG","CARMO DO PARANAÍBA / MG","0.54","5386","2288","0.42","4","4","0.705","737380.00"
"CATAGUASES","MG","CATAGUASES / MG","0.56","15586","5944","0.38","3","2","0.751","1579995.00"
"CLÁUDIO","MG","CLÁUDIO / MG","0.5","8654","1934","0.22","5","5","0.709","656478.00"
"CONCEIÇÃO DAS ALAGOAS","MG","CONCEIÇÃO DAS ALAGOAS / MG","0.51","5031","1333","0.26","5","5","0.712","844041.00"
"CONCEIÇÃO DO MATO DENTRO","MG","CONCEIÇÃO DO MATO DENTRO / MG","0.53","5900","1521","0.26","4","5","0.634","810999.00"
"CONFINS","MG","CONFINS / MG","0.58","6220","2759","0.44","1","4","0.747","1058291.00"
"CONGONHAS","MG","CONGONHAS / MG","0.55","16903","4723","0.28","3","3","0.753","1646174.00"
"CONSELHEIRO LAFAIETE","MG","CONSELHEIRO LAFAIETE / MG","0.59","20525","10131","0.49","1","2","0.761","2125977.00"
"CONTAGEM","MG","CONTAGEM / MG","0.54","186227","57857","0.31","4","1","0.756","28988053.00"
"COROMANDEL","MG","COROMANDEL / MG","0.5","5589","1778","0.32","5","5","0.708","885184.00"
"CORONEL FABRICIANO","MG","CORONEL FABRICIANO / MG","0.58","14887","6921","0.46","1","2","0.755","1648593.00"
"CURVELO","MG","CURVELO / MG","0.54","16555","5677","0.34","4","2","0.713","1480513.00"
"DIAMANTINA","MG","DIAMANTINA / MG","0.59","9024","3987","0.44","1","3","0.716","725681.00"
"DIVINÓPOLIS","MG","DIVINÓPOLIS / MG","0.56","56685","22780","0.4","3","1","0.764","6036935.00"
"ELÓI MENDES","MG","ELÓI MENDES / MG","0.51","5206","1662","0.32","5","5","0.685","593370.00"
"ESMERALDAS","MG","ESMERALDAS / MG","0.57","6359","2897","0.46","2","4","0.671","676032.00"
"EXTREMA","MG","EXTREMA / MG","0.5","22124","3875","0.18","5","3","0.732","7529547.00"
"FORMIGA","MG","FORMIGA / MG","0.55","18050","7086","0.39","3","2","0.755","1620086.00"
"FRUTAL","MG","FRUTAL / MG","0.52","12140","4293","0.35","5","3","0.73","1842323.00"
"GOVERNADOR VALADARES","MG","GOVERNADOR VALADARES / MG","0.57","54254","24016","0.44","2","1","0.727","5886910.00"
"GUANHÃES","MG","GUANHÃES / MG","0.53","6307","2118","0.34","4","5","0.686","617546.00"
"GUAXUPÉ","MG","GUAXUPÉ / MG","0.53","13341","4654","0.35","4","3","0.751","1914080.00"
"IBIRITÉ","MG","IBIRITÉ / MG","0.56","16328","6045","0.37","3","2","0.704","2170053.00"
"IGARAPÉ","MG","IGARAPÉ / MG","0.56","5779","2342","0.41","3","4","0.698","648111.00"
"IPATINGA","MG","IPATINGA / MG","0.56","67323","24400","0.36","3","1","0.771","9662783.00"
"ITABIRA","MG","ITABIRA / MG","0.57","26365","10314","0.39","2","2","0.756","5220378.00"
"ITABIRITO","MG","ITABIRITO / MG","0.55","14370","4728","0.33","3","3","0.73","3938104.00"
"ITAJUBÁ","MG","ITAJUBÁ / MG","0.55","23562","8672","0.37","3","2","0.787","3010826.00"
"ITAÚNA","MG","ITAÚNA / MG","0.54","25647","8065","0.31","4","2","0.758","3028868.00"
"ITUIUTABA","MG","ITUIUTABA / MG","0.55","20115","8197","0.41","3","2","0.739","2895226.00"
"ITURAMA","MG","ITURAMA / MG","0.53","9845","3486","0.35","4","3","0.747","1725281.00"
"JACUTINGA","MG","JACUTINGA / MG","0.5","6663","1687","0.25","5","5","0.715","633780.00"
"JAÍBA","MG","JAÍBA / MG","0.42","6501","1313","0.2","5","5","0.638","555399.00"
"JANAÚBA","MG","JANAÚBA / MG","0.55","10984","4428","0.4","3","3","0.696","1096609.00"
"JANUÁRIA","MG","JANUÁRIA / MG","0.58","5132","2424","0.47","1","4","0.658","676244.00"
"JOÃO MONLEVADE","MG","JOÃO MONLEVADE / MG","0.55","18371","6103","0.33","3","2","0.758","2589634.00"
"JOÃO PINHEIRO","MG","JOÃO PINHEIRO / MG","0.49","13112","3241","0.25","5","3","0.697","1461889.00"
"JUATUBA","MG","JUATUBA / MG","0.54","6393","2095","0.33","4","5","0.717","1201845.00"
"JUIZ DE FORA","MG","JUIZ DE FORA / MG","0.58","143695","65630","0.46","1","1","0.778","15985712.00"
"LAGOA DA PRATA","MG","LAGOA DA PRATA / MG","0.53","11928","3845","0.32","4","3","0.732","1631037.00"
"LAGOA SANTA","MG","LAGOA SANTA / MG","0.57","13088","5329","0.41","2","3","0.777","1661110.00"
"LAVRAS","MG","LAVRAS / MG","0.55","25836","10332","0.4","3","2","0.782","2485868.00"
"LEOPOLDINA","MG","LEOPOLDINA / MG","0.54","10500","3842","0.37","4","3","0.726","1038715.00"
"MACHADO","MG","MACHADO / MG","0.51","9056","2654","0.29","5","4","0.715","962423.00"
"MANHUAÇU","MG","MANHUAÇU / MG","0.56","21678","7941","0.37","3","2","0.689","2385010.00"
"MARIANA","MG","MARIANA / MG","0.55","14170","4965","0.35","3","3","0.742","2897515.00"
"MATEUS LEME","MG","MATEUS LEME / MG","0.52","5976","1703","0.28","5","5","0.704","692349.00"
"MATOZINHOS","MG","MATOZINHOS / MG","0.52","10343","2588","0.25","5","4","0.731","1003317.00"
"MONTE CARMELO","MG","MONTE CARMELO / MG","0.51","9339","2951","0.32","5","4","0.728","1091759.00"
"MONTES CLAROS","MG","MONTES CLAROS / MG","0.58","85466","39540","0.46","1","1","0.77","8966059.00"
"MURIAÉ","MG","MURIAÉ / MG","0.57","23429","10296","0.44","2","2","0.734","2100138.00"
"NANUQUE","MG","NANUQUE / MG","0.57","5554","2265","0.41","2","4","0.701","643887.00"
"NOVA LIMA","MG","NOVA LIMA / MG","0.55","47495","14543","0.31","3","1","0.813","9112333.00"
"NOVA SERRANA","MG","NOVA SERRANA / MG","0.49","25530","5542","0.22","5","3","0.715","2602636.00"
"OLIVEIRA","MG","OLIVEIRA / MG","0.53","9070","3232","0.36","4","4","0.699","848005.00"
"OURO BRANCO","MG","OURO BRANCO / MG","0.54","11500","3148","0.27","4","4","0.645","47198.00"
"OURO FINO","MG","OURO FINO / MG","0.53","5845","1897","0.32","4","5","0.722","657703.00"
"OURO PRETO","MG","OURO PRETO / MG","0.56","16929","6510","0.38","3","2","0.741","4644423.00"
"PARÁ DE MINAS","MG","PARÁ DE MINAS / MG","0.55","26993","10227","0.38","3","2","0.725","2744669.00"
"PARACATU","MG","PARACATU / MG","0.52","23286","6974","0.3","5","2","0.744","3510748.00"
"PARAOPEBA","MG","PARAOPEBA / MG","0.58","7232","3220","0.45","1","4","0.694","565326.00"
"PASSOS","MG","PASSOS / MG","0.56","24295","9938","0.41","3","2","0.756","2387740.00"
"PATOS DE MINAS","MG","PATOS DE MINAS / MG","0.55","42117","15790","0.37","3","1","0.765","4378966.00"
"PATROCÍNIO","MG","PATROCÍNIO / MG","0.54","21814","7946","0.36","4","2","0.729","2707529.00"
"PEDRO LEOPOLDO","MG","PEDRO LEOPOLDO / MG","0.55","14393","4606","0.32","3","3","0.757","1437172.00"
"PIRAPORA","MG","PIRAPORA / MG","0.54","13816","4679","0.34","4","3","0.731","1836804.00"
"PIUMHI","MG","PIUMHI / MG","0.55","7730","3283","0.42","3","3","0.737","866679.00"
"POÇOS DE CALDAS","MG","POÇOS DE CALDAS / MG","0.56","49122","18710","0.38","3","1","0.779","6365940.00"
"POMPÉU","MG","POMPÉU / MG","0.52","5397","1841","0.34","5","5","0.689","737149.00"
"PONTE NOVA","MG","PONTE NOVA / MG","0.56","16054","6079","0.38","3","2","0.717","1649724.00"
"POUSO ALEGRE","MG","POUSO ALEGRE / MG","0.56","47947","18237","0.38","3","1","0.774","7388029.00"
"PRATA","MG","PRATA / MG","0.48","6400","1751","0.27","5","5","0.608","49192.00"
"RIBEIRÃO DAS NEVES","MG","RIBEIRÃO DAS NEVES / MG","0.58","25665","11464","0.45","1","2","0.684","3855401.00"
"RIO PARANAÍBA","MG","RIO PARANAÍBA / MG","0.37","5909","875","0.15","5","5","0.709","499792.00"
"SABARÁ","MG","SABARÁ / MG","0.56","17542","5952","0.34","3","2","0.731","2523966.00"
"SACRAMENTO","MG","SACRAMENTO / MG","0.5","6393","1895","0.3","5","5","0.732","1534687.00"
"SALINAS","MG","SALINAS / MG","0.56","5192","2167","0.42","3","5","0.679","553718.00"
"SANTA BÁRBARA","MG","SANTA BÁRBARA / MG","0.56","5413","2070","0.38","3","5","0.583","166403.00"
"SANTA LUZIA","MG","SANTA LUZIA / MG","0.56","25075","9197","0.37","3","2","0.55","547867.00"
"SANTA RITA DO SAPUCAÍ","MG","SANTA RITA DO SAPUCAÍ / MG","0.5","12209","3014","0.25","5","4","0.721","1559508.00"
"SANTO ANTÔNIO DO MONTE","MG","SANTO ANTÔNIO DO MONTE / MG","0.56","5275","1817","0.34","3","5","0.724","528306.00"
"SANTOS DUMONT","MG","SANTOS DUMONT / MG","0.56","6411","2710","0.42","3","4","0.741","905917.00"
"SÃO GOTARDO","MG","SÃO GOTARDO / MG","0.48","7667","2513","0.33","5","4","0.736","757567.00"
"SÃO JOÃO DEL REI","MG","SÃO JOÃO DEL REI / MG","0.56","18537","7661","0.41","3","2","0.758","2033659.00"
"SÃO JOÃO NEPOMUCENO","MG","SÃO JOÃO NEPOMUCENO / MG","0.53","5491","1571","0.29","4","5","0.708","413880.00"
"SÃO JOAQUIM DE BICAS","MG","SÃO JOAQUIM DE BICAS / MG","0.52","5980","1336","0.22","5","5","0.662","602735.00"
"SÃO LOURENÇO","MG","SÃO LOURENÇO / MG","0.59","11003","5468","0.5","1","3","0.759","976870.00"
"SÃO SEBASTIÃO DO PARAÍSO","MG","SÃO SEBASTIÃO DO PARAÍSO / MG","0.53","17543","6113","0.35","4","2","0.722","1937431.00"
"SARZEDO","MG","SARZEDO / MG","0.53","6711","1696","0.25","4","5","0.734","895023.00"
"SETE LAGOAS","MG","SETE LAGOAS / MG","0.55","55941","20142","0.36","3","1","0.76","8262636.00"
"TEÓFILO OTONI","MG","TEÓFILO OTONI / MG","0.59","25876","11920","0.46","1","1","0.701","2365624.00"
"TIMÓTEO","MG","TIMÓTEO / MG","0.54","16157","5038","0.31","4","3","0.77","2876835.00"
"TRÊS CORAÇÕES","MG","TRÊS CORAÇÕES / MG","0.53","16167","5410","0.33","4","3","0.744","2216413.00"
"TRÊS MARIAS","MG","TRÊS MARIAS / MG","0.54","5079","1693","0.33","4","5","0.752","1667559.00"
"TRÊS PONTAS","MG","TRÊS PONTAS / MG","0.5","13076","3990","0.31","5","3","0.731","1254491.00"
"UBÁ","MG","UBÁ / MG","0.54","26379","8416","0.32","4","2","0.724","2861452.00"
"UBERABA","MG","UBERABA / MG","0.56","87888","33853","0.39","3","1","0.772","13152651.00"
"UBERLÂNDIA","MG","UBERLÂNDIA / MG","0.57","209730","88172","0.42","2","1","0.789","34201962.00"
"UNAÍ","MG","UNAÍ / MG","0.54","16867","6419","0.38","4","2","0.736","2676152.00"
"VARGINHA","MG","VARGINHA / MG","0.55","40401","14544","0.36","3","1","0.778","5442563.00"
"VÁRZEA DA PALMA","MG","VÁRZEA DA PALMA / MG","0.54","5674","1826","0.32","4","5","0.666","678519.00"
"VESPASIANO","MG","VESPASIANO / MG","0.56","16928","6270","0.37","3","2","0.688","2596132.00"
"VIÇOSA","MG","VIÇOSA / MG","0.58","20792","9536","0.46","1","2","0.592","15769.00"
"VISCONDE DO RIO BRANCO","MG","VISCONDE DO RIO BRANCO / MG","0.52","10665","2920","0.27","5","4","0.709","1130603.00"
"AMAMBAI","MS","AMAMBAI / MS","0.53","5898","2447","0.41","4","4","0.673","902427.00"
"ANGÉLICA","MS","ANGÉLICA / MS","0.44","6168","769","0.12","5","5","0.697","721575.00"
"APARECIDA DO TABOADO","MS","APARECIDA DO TABOADO / MS","0.5","7306","1482","0.2","5","5","0.697","1036097.00"
"AQUIDAUANA","MS","AQUIDAUANA / MS","0.53","6685","2490","0.37","4","4","0.688","917889.00"
"BATAGUASSU","MS","BATAGUASSU / MS","0.52","5878","1536","0.26","5","5","0.71","791859.00"
"BONITO","MS","BONITO / MS","0.54","5095","2094","0.41","4","5","0.546","136234.00"
"CAARAPÓ","MS","CAARAPÓ / MS","0.5","6562","1769","0.27","5","5","0.692","1183428.00"
"CAMPO GRANDE","MS","CAMPO GRANDE / MS","0.58","236769","99100","0.42","1","1","0.524","84090.00"
"CHAPADÃO DO SUL","MS","CHAPADÃO DO SUL / MS","0.5","8168","2241","0.27","5","4","0.754","1486307.00"
"CORUMBÁ","MS","CORUMBÁ / MS","0.57","17000","8325","0.49","2","2","0.7","2869213.00"
"COSTA RICA","MS","COSTA RICA / MS","0.5","5941","1706","0.29","5","5","0.706","1481953.00"
"COXIM","MS","COXIM / MS","0.56","5263","2312","0.44","3","4","0.703","839889.00"
"DOURADOS","MS","DOURADOS / MS","0.56","57162","23334","0.41","3","1","0.747","8327408.00"
"MARACAJU","MS","MARACAJU / MS","0.49","9641","2762","0.29","5","4","0.736","2386370.00"
"NAVIRAÍ","MS","NAVIRAÍ / MS","0.53","11165","3803","0.34","4","3","0.7","1480663.00"
"NOVA ALVORADA DO SUL","MS","NOVA ALVORADA DO SUL / MS","0.48","5276","1173","0.22","5","5","0.694","1434123.00"
"NOVA ANDRADINA","MS","NOVA ANDRADINA / MS","0.53","11563","3838","0.33","4","3","0.721","2007865.00"
"PARANAÍBA","MS","PARANAÍBA / MS","0.51","8924","3036","0.34","5","4","0.721","1192288.00"
"PONTA PORÃ","MS","PONTA PORÃ / MS","0.56","13469","5758","0.43","3","2","0.701","2641613.00"
"RIO BRILHANTE","MS","RIO BRILHANTE / MS","0.49","9949","2271","0.23","5","4","0.715","2076920.00"
"SÃO GABRIEL DO OESTE","MS","SÃO GABRIEL DO OESTE / MS","0.53","8569","2451","0.29","4","4","0.729","1412562.00"
"SIDROLÂNDIA","MS","SIDROLÂNDIA / MS","0.52","9634","2669","0.28","5","4","0.686","1632087.00"
"TRÊS LAGOAS","MS","TRÊS LAGOAS / MS","0.53","34493","10670","0.31","4","2","0.744","10131705.00"
"ÁGUA BOA","MT","ÁGUA BOA / MT","0.53","5566","1894","0.34","4","5","0.576","128317.00"
"ALTA FLORESTA","MT","ALTA FLORESTA / MT","0.55","11643","4537","0.39","3","3","0.714","1491333.00"
"BARRA DO BUGRES","MT","BARRA DO BUGRES / MT","0.51","5896","1637","0.28","5","5","0.693","1308782.00"
"BARRA DO GARÇAS","MT","BARRA DO GARÇAS / MT","0.55","14329","5603","0.39","3","2","0.748","1754165.00"
"CÁCERES","MT","CÁCERES / MT","0.56","14291","6928","0.48","3","2","0.708","1816006.00"
"CAMPO NOVO DO PARECIS","MT","CAMPO NOVO DO PARECIS / MT","0.5","13004","3472","0.27","5","3","0.734","2933729.00"
"CAMPO VERDE","MT","CAMPO VERDE / MT","0.52","11146","3730","0.33","5","3","0.75","2427047.00"
"COLÍDER","MT","COLÍDER / MT","0.54","6165","2099","0.34","4","5","0.713","850077.00"
"CUIABÁ","MT","CUIABÁ / MT","0.58","234464","117355","0.5","1","1","0.785","23301195.00"
"DIAMANTINO","MT","DIAMANTINO / MT","0.49","7150","1581","0.22","5","5","0.718","1957070.00"
"JACIARA","MT","JACIARA / MT","0.51","6984","1942","0.28","5","5","0.735","937221.00"
"JUARA","MT","JUARA / MT","0.52","6847","2247","0.33","5","4","0.682","787092.00"
"JUÍNA","MT","JUÍNA / MT","0.55","8541","3150","0.37","3","4","0.716","1020697.00"
"LUCAS DO RIO VERDE","MT","LUCAS DO RIO VERDE / MT","0.54","23440","6925","0.3","4","2","0.768","3720050.00"
"NOVA MUTUM","MT","NOVA MUTUM / MT","0.53","13523","4563","0.34","4","3","0.758","2783981.00"
"PARANATINGA","MT","PARANATINGA / MT","0.51","5127","1505","0.29","5","5","0.667","769746.00"
"PONTES E LACERDA","MT","PONTES E LACERDA / MT","0.53","9917","3265","0.33","4","3","0.703","1188803.00"
"PRIMAVERA DO LESTE","MT","PRIMAVERA DO LESTE / MT","0.54","21118","7136","0.34","4","2","0.752","3490426.00"
"RONDONÓPOLIS","MT","RONDONÓPOLIS / MT","0.55","57951","19243","0.33","3","1","0.755","9598522.00"
"SAPEZAL","MT","SAPEZAL / MT","0.49","11278","2714","0.24","5","4","0.732","2516824.00"
"SINOP","MT","SINOP / MT","0.55","38619","14063","0.36","3","1","0.754","5626287.00"
"SORRISO","MT","SORRISO / MT","0.53","24792","8295","0.33","4","2","0.744","5731413.00"
"TANGARÁ DA SERRA","MT","TANGARÁ DA SERRA / MT","0.54","23128","8087","0.35","4","2","0.729","3014931.00"
"VÁRZEA GRANDE","MT","VÁRZEA GRANDE / MT","0.55","46590","14998","0.32","3","1","0.571","30918.00"
"ABAETETUBA","PA","ABAETETUBA / PA","0.6","10481","5676","0.54","1","2","0.628","1337194.00"
"ALTAMIRA","PA","ALTAMIRA / PA","0.57","16242","6473","0.4","2","2","0.665","2500591.00"
"ANANINDEUA","PA","ANANINDEUA / PA","0.58","65309","29281","0.45","1","1","0.718","6979135.00"
"BARCARENA","PA","BARCARENA / PA","0.55","27259","7833","0.29","3","2","0.662","4815194.00"
"BELÉM","PA","BELÉM / PA","0.59","372437","184656","0.5","1","1","0.746","30238484.00"
"BENEVIDES","PA","BENEVIDES / PA","0.53","9842","2480","0.25","4","4","0.665","1393885.00"
"BRAGANÇA","PA","BRAGANÇA / PA","0.59","7115","3331","0.47","1","3","0.6","1115895.00"
"BREVES","PA","BREVES / PA","0.62","7345","4682","0.64","1","3","0.503","743286.00"
"CAMETÁ","PA","CAMETÁ / PA","0.62","6045","4106","0.68","1","3","0.577","1183525.00"
"CANAÃ DOS CARAJÁS","PA","CANAÃ DOS CARAJÁS / PA","0.55","11393","3237","0.28","3","4","0.673","4087532.00"
"CAPANEMA","PA","CAPANEMA / PA","0.58","7409","3360","0.45","1","3","0.655","967351.00"
"CASTANHAL","PA","CASTANHAL / PA","0.55","31224","11652","0.37","3","1","0.673","3757159.00"
"ITAITUBA","PA","ITAITUBA / PA","0.58","11023","4507","0.41","1","3","0.64","1770652.00"
"JURUTI","PA","JURUTI / PA","0.58","6582","2257","0.34","1","4","0.592","1045817.00"
"MARABÁ","PA","MARABÁ / PA","0.57","46490","18232","0.39","2","1","0.668","8596000.00"
"MARITUBA","PA","MARITUBA / PA","0.56","13730","5423","0.39","3","3","0.676","1787967.00"
"MOJU","PA","MOJU / PA","0.46","7769","2214","0.28","5","4","0.547","892439.00"
"ORIXIMINÁ","PA","ORIXIMINÁ / PA","0.57","6253","2661","0.43","2","4","0.623","1700273.00"
"PARAGOMINAS","PA","PARAGOMINAS / PA","0.54","18159","6200","0.34","4","2","0.645","2949844.00"
"PARAUAPEBAS","PA","PARAUAPEBAS / PA","0.55","42250","14065","0.33","3","1","0.715","18431904.00"
"REDENÇÃO","PA","REDENÇÃO / PA","0.56","12391","5409","0.44","3","3","0.672","1699978.00"
"SANTARÉM","PA","SANTARÉM / PA","0.58","31584","14895","0.47","1","1","0.691","4835188.00"
"SÃO FÉLIX DO XINGU","PA","SÃO FÉLIX DO XINGU / PA","0.55","5621","3424","0.61","3","3","0.594","1392553.00"
"SÃO MIGUEL DO GUAMÁ","PA","SÃO MIGUEL DO GUAMÁ / PA","0.55","5248","1854","0.35","3","5","0.591","668079.00"
"TAILÂNDIA","PA","TAILÂNDIA / PA","0.46","11341","3252","0.29","5","3","0.588","846501.00"
"TOMÉ-AÇU","PA","TOMÉ-AÇU / PA","0.44","6634","1586","0.24","5","5","0.586","639356.00"
"TUCURUÍ","PA","TUCURUÍ / PA","0.6","10322","5161","0.5","1","3","0.666","6460221.00"
"XINGUARA","PA","XINGUARA / PA","0.54","8242","2736","0.33","4","4","0.646","1217202.00"
"BAYEUX","PB","BAYEUX / PB","0.56","8927","3835","0.43","3","3","0.649","1355756.00"
"CABEDELO","PB","CABEDELO / PB","0.57","17959","7173","0.4","2","2","0.748","2895223.00"
"CAJAZEIRAS","PB","CAJAZEIRAS / PB","0.58","7856","3863","0.49","1","3","0.679","1095981.00"
"CAMPINA GRANDE","PB","CAMPINA GRANDE / PB","0.57","100199","44270","0.44","2","1","0.72","8648690.00"
"GUARABIRA","PB","GUARABIRA / PB","0.55","9714","3638","0.37","3","3","0.673","947205.00"
"JOÃO PESSOA","PB","JOÃO PESSOA / PB","0.59","216143","104836","0.49","1","1","0.763","19737917.00"
"MAMANGUAPE","PB","MAMANGUAPE / PB","0.49","7416","2582","0.35","5","4","0.585","625132.00"
"PATOS","PB","PATOS / PB","0.58","14985","6636","0.44","1","2","0.701","1711982.00"
"PEDRAS DE FOGO","PB","PEDRAS DE FOGO / PB","0.5","5449","1968","0.36","5","5","0.59","425345.00"
"SANTA RITA","PB","SANTA RITA / PB","0.49","20943","5190","0.25","5","3","0.609","269333.00"
"SOUSA","PB","SOUSA / PB","0.56","9298","3402","0.37","3","3","0.668","1085479.00"
"ABREU E LIMA","PE","ABREU E LIMA / PE","0.55","9788","3737","0.38","3","3","0.679","2003665.00"
"ARARIPINA","PE","ARARIPINA / PE","0.6","6561","3811","0.58","1","3","0.602","987497.00"
"ARCOVERDE","PE","ARCOVERDE / PE","0.6","8306","4142","0.5","1","3","0.667","978164.00"
"BELO JARDIM","PE","BELO JARDIM / PE","0.52","11131","2615","0.23","5","4","0.629","1804833.00"
"BEZERROS","PE","BEZERROS / PE","0.58","5734","2337","0.41","1","4","0.606","711603.00"
"CABO DE SANTO AGOSTINHO","PE","CABO DE SANTO AGOSTINHO / PE","0.54","38824","13917","0.36","4","1","0.686","9964401.00"
"CAMARAGIBE","PE","CAMARAGIBE / PE","0.59","12206","6178","0.51","1","2","0.692","1757192.00"
"CARPINA","PE","CARPINA / PE","0.55","11293","5186","0.46","3","3","0.68","1318990.00"
"CARUARU","PE","CARUARU / PE","0.58","73060","33015","0.45","1","1","0.677","6877208.00"
"ESCADA","PE","ESCADA / PE","0.52","5839","2095","0.36","5","5","0.632","871161.00"
"GARANHUNS","PE","GARANHUNS / PE","0.58","19109","8689","0.45","1","2","0.664","2342967.00"
"GOIANA","PE","GOIANA / PE","0.52","21807","4565","0.21","5","3","0.651","9146860.00"
"GRAVATÁ","PE","GRAVATÁ / PE","0.58","8935","4481","0.5","1","3","0.634","1068949.00"
"IGARASSU","PE","IGARASSU / PE","0.49","19582","5010","0.26","5","3","0.665","2479117.00"
"IPOJUCA","PE","IPOJUCA / PE","0.52","31083","9292","0.3","5","2","0.619","10879739.00"
"ITAPISSUMA","PE","ITAPISSUMA / PE","0.52","5375","1201","0.22","5","5","0.633","1398050.00"
"JABOATÃO DOS GUARARAPES","PE","JABOATÃO DOS GUARARAPES / PE","0.56","106060","41895","0.4","3","1","0.717","13545569.00"
"LIMOEIRO","PE","LIMOEIRO / PE","0.59","6051","3171","0.52","1","4","0.663","743517.00"
"MORENO","PE","MORENO / PE","0.51","6341","2079","0.33","5","5","0.652","682663.00"
"OLINDA","PE","OLINDA / PE","0.58","73733","29508","0.4","1","1","0.735","5438691.00"
"PALMARES","PE","PALMARES / PE","0.6","6449","3599","0.56","1","3","0.622","833884.00"
"PAUDALHO","PE","PAUDALHO / PE","0.56","5005","2283","0.46","3","4","0.639","758422.00"
"PAULISTA","PE","PAULISTA / PE","0.59","31222","14360","0.46","1","1","0.587","119566.00"
"PESQUEIRA","PE","PESQUEIRA / PE","0.59","5253","2489","0.47","1","4","0.61","691973.00"
"PETROLINA","PE","PETROLINA / PE","0.5","69292","24213","0.35","5","1","0.697","5990719.00"
"RECIFE","PE","RECIFE / PE","0.6","613804","313426","0.51","1","1","0.772","51859618.00"
"RIO FORMOSO","PE","RIO FORMOSO / PE","0.34","7680","878","0.11","5","5","0.613","259945.00"
"SALGUEIRO","PE","SALGUEIRO / PE","0.59","6536","3228","0.49","1","4","0.669","792726.00"
"SANTA CRUZ DO CAPIBARIBE","PE","SANTA CRUZ DO CAPIBARIBE / PE","0.55","12570","4911","0.39","3","3","0.648","1428396.00"
"SÃO BENTO DO UNA","PE","SÃO BENTO DO UNA / PE","0.57","5597","3009","0.54","2","4","0.593","953039.00"
"SÃO LOURENÇO DA MATA","PE","SÃO LOURENÇO DA MATA / PE","0.6","8942","4523","0.51","1","3","0.653","1107308.00"
"SERRA TALHADA","PE","SERRA TALHADA / PE","0.57","10271","4094","0.4","2","3","0.661","1337330.00"
"SIRINHAÉM","PE","SIRINHAÉM / PE","0.39","8530","2031","0.24","5","5","0.597","482239.00"
"SURUBIM","PE","SURUBIM / PE","0.58","5668","2673","0.47","1","4","0.635","771791.00"
"TIMBAÚBA","PE","TIMBAÚBA / PE","0.54","5777","2487","0.43","4","4","0.618","647078.00"
"TORITAMA","PE","TORITAMA / PE","0.54","5496","1645","0.3","4","5","0.618","624447.00"
"VITÓRIA DE SANTO ANTÃO","PE","VITÓRIA DE SANTO ANTÃO / PE","0.5","22548","6354","0.28","5","2","0.64","3691943.00"
"FLORIANO","PI","FLORIANO / PI","0.58","9496","4186","0.44","1","3","0.7","1019283.00"
"PARNAÍBA","PI","PARNAÍBA / PI","0.58","20624","9894","0.48","1","2","0.687","2037540.00"
"PICOS","PI","PICOS / PI","0.58","12955","6191","0.48","1","2","0.698","1425586.00"
"PIRIPIRI","PI","PIRIPIRI / PI","0.58","5574","2344","0.42","1","4","0.635","657160.00"
"TERESINA","PI","TERESINA / PI","0.59","258465","131439","0.51","1","1","0.751","19113870.00"
"ALMIRANTE TAMANDARÉ","PR","ALMIRANTE TAMANDARÉ / PR","0.54","11869","4128","0.35","4","3","0.699","1522885.00"
"AMPÉRE","PR","AMPÉRE / PR","0.51","5231","1302","0.25","5","5","0.709","577536.00"
"APUCARANA","PR","APUCARANA / PR","0.54","32934","10920","0.33","4","2","0.748","3167647.00"
"ARAPONGAS","PR","ARAPONGAS / PR","0.53","34672","11046","0.32","4","2","0.748","4474057.00"
"ARAPOTI","PR","ARAPOTI / PR","0.51","6268","1953","0.31","5","5","0.723","1090916.00"
"ARAUCÁRIA","PR","ARAUCÁRIA / PR","0.54","41957","12278","0.29","4","1","0.74","16972345.00"
"ASSIS CHATEAUBRIAND","PR","ASSIS CHATEAUBRIAND / PR","0.56","5922","2677","0.45","3","4","0.729","1151649.00"
"ASTORGA","PR","ASTORGA / PR","0.52","5599","1771","0.32","5","5","0.747","721092.00"
"BANDEIRANTES","PR","BANDEIRANTES / PR","0.53","6404","2367","0.37","4","4","0.727","727355.00"
"CAFELÂNDIA","PR","CAFELÂNDIA / PR","0.53","9638","1955","0.2","4","5","0.742","468342.00"
"CAMBARÁ","PR","CAMBARÁ / PR","0.52","5316","1542","0.29","5","5","0.721","619295.00"
"CAMBÉ","PR","CAMBÉ / PR","0.55","22331","7391","0.33","3","2","0.734","3840715.00"
"CAMPINA GRANDE DO SUL","PR","CAMPINA GRANDE DO SUL / PR","0.59","8717","3707","0.43","1","3","0.718","1482914.00"
"CAMPO LARGO","PR","CAMPO LARGO / PR","0.56","28505","10656","0.37","3","2","0.745","4151593.00"
"CAMPO MOURÃO","PR","CAMPO MOURÃO / PR","0.56","25834","10474","0.41","3","2","0.757","3435760.00"
"CARAMBEÍ","PR","CARAMBEÍ / PR","0.5","7385","2015","0.27","5","5","0.728","1284427.00"
"CASCAVEL","PR","CASCAVEL / PR","0.56","102210","39710","0.39","3","1","0.646","895957.00"
"CASTRO","PR","CASTRO / PR","0.52","17728","6179","0.35","5","2","0.703","2658989.00"
"CIANORTE","PR","CIANORTE / PR","0.54","23164","7412","0.32","4","2","0.755","2716202.00"
"COLOMBO","PR","COLOMBO / PR","0.55","38917","13702","0.35","3","1","0.733","4733738.00"
"COLORADO","PR","COLORADO / PR","0.49","6871","1758","0.26","5","5","0.73","623367.00"
"CORNÉLIO PROCÓPIO","PR","CORNÉLIO PROCÓPIO / PR","0.56","15519","5238","0.34","3","3","0.759","1447867.00"
"CURITIBA","PR","CURITIBA / PR","0.57","851913","353670","0.42","2","1","0.823","84702357.00"
"DOIS VIZINHOS","PR","DOIS VIZINHOS / PR","0.55","10977","4405","0.4","3","3","0.767","1509718.00"
"FAZENDA RIO GRANDE","PR","FAZENDA RIO GRANDE / PR","0.56","16192","5996","0.37","3","2","0.72","2381558.00"
"FOZ DO IGUAÇU","PR","FOZ DO IGUAÇU / PR","0.59","64602","31842","0.49","1","1","0.751","13463838.00"
"FRANCISCO BELTRÃO","PR","FRANCISCO BELTRÃO / PR","0.56","23861","8861","0.37","3","2","0.774","3069186.00"
"GOIOERÊ","PR","GOIOERÊ / PR","0.56","5253","2212","0.42","3","4","0.731","815502.00"
"GUARAPUAVA","PR","GUARAPUAVA / PR","0.54","42695","14906","0.35","4","1","0.731","5606255.00"
"GUARATUBA","PR","GUARATUBA / PR","0.59","6462","3245","0.5","1","3","0.717","762614.00"
"IBAITI","PR","IBAITI / PR","0.53","5547","1901","0.34","4","5","0.71","649028.00"
"IBIPORÃ","PR","IBIPORÃ / PR","0.54","11933","3678","0.31","4","3","0.726","2437418.00"
"IMBITUVA","PR","IMBITUVA / PR","0.5","6451","1522","0.24","5","5","0.66","830628.00"
"IRATI","PR","IRATI / PR","0.55","11843","4296","0.36","3","3","0.726","1794165.00"
"IVAIPORÃ","PR","IVAIPORÃ / PR","0.59","5777","2925","0.51","1","4","0.73","755258.00"
"JACAREZINHO","PR","JACAREZINHO / PR","0.52","10237","3232","0.32","5","4","0.743","1178814.00"
"JAGUAPITÃ","PR","JAGUAPITÃ / PR","0.5","6027","1221","0.2","5","5","0.715","774453.00"
"JAGUARIAÍVA","PR","JAGUARIAÍVA / PR","0.53","8319","2396","0.29","4","4","0.743","1422343.00"
"JANDAIA DO SUL","PR","JANDAIA DO SUL / PR","0.53","5860","1861","0.32","4","5","0.747","657214.00"
"JOAQUIM TÁVORA","PR","JOAQUIM TÁVORA / PR","0.49","5101","864","0.17","5","5","0.7","607984.00"
"LAPA","PR","LAPA / PR","0.52","9272","3087","0.33","5","4","0.706","1879102.00"
"LARANJEIRAS DO SUL","PR","LARANJEIRAS DO SUL / PR","0.57","5255","2185","0.42","2","5","0.706","730423.00"
"LOANDA","PR","LOANDA / PR","0.53","5230","1793","0.34","4","5","0.725","534706.00"
"LONDRINA","PR","LONDRINA / PR","0.57","162911","69373","0.43","2","1","0.778","19235188.00"
"MANDAGUARI","PR","MANDAGUARI / PR","0.53","10500","2530","0.24","4","4","0.751","1540415.00"
"MARECHAL CÂNDIDO RONDON","PR","MARECHAL CÂNDIDO RONDON / PR","0.55","16609","5936","0.36","3","2","0.774","2199044.00"
"MARIALVA","PR","MARIALVA / PR","0.54","8070","2719","0.34","4","4","0.735","1446708.00"
"MARINGÁ","PR","MARINGÁ / PR","0.55","158349","55961","0.35","3","1","0.808","16906177.00"
"MATELÂNDIA","PR","MATELÂNDIA / PR","0.54","8749","1437","0.16","4","5","0.725","861730.00"
"MATINHOS","PR","MATINHOS / PR","0.6","6531","3383","0.52","1","3","0.743","746001.00"
"MEDIANEIRA","PR","MEDIANEIRA / PR","0.52","18061","5640","0.31","5","2","0.763","1822777.00"
"PAIÇANDU","PR","PAIÇANDU / PR","0.56","6537","2398","0.37","3","4","0.716","881681.00"
"PALMAS","PR","PALMAS / PR","0.51","11211","2805","0.25","5","4","0.788","8246273.00"
"PALMEIRA","PR","PALMEIRA / PR","0.52","7591","2255","0.3","5","4","0.718","1431277.00"
"PALOTINA","PR","PALOTINA / PR","0.54","14687","4654","0.32","4","3","0.768","2036253.00"
"PARANAGUÁ","PR","PARANAGUÁ / PR","0.55","39842","12422","0.31","3","1","0.75","9856374.00"
"PARANAVAÍ","PR","PARANAVAÍ / PR","0.55","22306","8326","0.37","3","2","0.763","2648763.00"
"PATO BRANCO","PR","PATO BRANCO / PR","0.56","28747","10613","0.37","3","2","0.782","3598922.00"
"PINHAIS","PR","PINHAIS / PR","0.55","41952","12686","0.3","3","1","0.751","5593790.00"
"PIRAQUARA","PR","PIRAQUARA / PR","0.6","7911","3965","0.5","1","3","0.7","1222237.00"
"PITANGA","PR","PITANGA / PR","0.55","5324","1958","0.37","3","5","0.702","815373.00"
"PONTA GROSSA","PR","PONTA GROSSA / PR","0.56","87843","33579","0.38","3","1","0.763","14533645.00"
"PONTAL DO PARANÁ","PR","PONTAL DO PARANÁ / PR","0.56","6598","2416","0.37","3","4","0.738","577860.00"
"PRUDENTÓPOLIS","PR","PRUDENTÓPOLIS / PR","0.56","6833","2737","0.4","3","4","0.676","1172168.00"
"QUATRO BARRAS","PR","QUATRO BARRAS / PR","0.52","8438","2010","0.24","5","5","0.742","1444058.00"
"QUEDAS DO IGUAÇU","PR","QUEDAS DO IGUAÇU / PR","0.52","5697","1627","0.29","5","5","0.681","1299512.00"
"RIO NEGRO","PR","RIO NEGRO / PR","0.54","7539","2372","0.31","4","4","0.76","1120053.00"
"ROLÂNDIA","PR","ROLÂNDIA / PR","0.52","19950","5354","0.27","5","3","0.739","2599072.00"
"SANTO ANTÔNIO DA PLATINA","PR","SANTO ANTÔNIO DA PLATINA / PR","0.54","10347","3995","0.39","4","3","0.718","1141374.00"
"SÃO JOSÉ DOS PINHAIS","PR","SÃO JOSÉ DOS PINHAIS / PR","0.53","90988","25976","0.29","4","1","0.758","22581192.00"
"SÃO MATEUS DO SUL","PR","SÃO MATEUS DO SUL / PR","0.55","7575","2745","0.36","3","4","0.719","1238165.00"
"SÃO MIGUEL DO IGUAÇU","PR","SÃO MIGUEL DO IGUAÇU / PR","0.55","5807","2390","0.41","3","4","0.704","942749.00"
"SARANDI","PR","SARANDI / PR","0.56","12246","4779","0.39","3","3","0.695","1456938.00"
"SIQUEIRA CAMPOS","PR","SIQUEIRA CAMPOS / PR","0.51","5928","1513","0.26","5","5","0.704","531653.00"
"TAPEJARA","PR","TAPEJARA / PR","0.44","5277","1073","0.2","5","5","0.703","484574.00"
"TELÊMACO BORBA","PR","TELÊMACO BORBA / PR","0.52","20210","5587","0.28","5","2","0.734","3836532.00"
"TOLEDO","PR","TOLEDO / PR","0.55","50736","15560","0.31","3","1","0.661","88788.00"
"UBIRATÃ","PR","UBIRATÃ / PR","0.54","6758","1787","0.26","4","5","0.739","865013.00"
"UMUARAMA","PR","UMUARAMA / PR","0.57","29750","12938","0.43","2","1","0.761","3284406.00"
"UNIÃO DA VITÓRIA","PR","UNIÃO DA VITÓRIA / PR","0.56","13748","4938","0.36","3","3","0.74","1530300.00"
"ANGRA DOS REIS","RJ","ANGRA DOS REIS / RJ","0.59","32259","14669","0.45","1","1","0.724","10099365.00"
"ARARUAMA","RJ","ARARUAMA / RJ","0.58","16990","7809","0.46","1","2","0.718","2514577.00"
"ARMAÇÃO DOS BÚZIOS","RJ","ARMAÇÃO DOS BÚZIOS / RJ","0.6","12380","6236","0.5","1","2","0.728","1712328.00"
"BARRA DO PIRAÍ","RJ","BARRA DO PIRAÍ / RJ","0.58","15545","6793","0.44","1","2","0.733","2026188.00"
"BARRA MANSA","RJ","BARRA MANSA / RJ","0.57","32016","13176","0.41","2","1","0.729","4883051.00"
"BELFORD ROXO","RJ","BELFORD ROXO / RJ","0.58","31897","14021","0.44","1","1","0.684","8187373.00"
"CABO FRIO","RJ","CABO FRIO / RJ","0.6","44476","24723","0.56","1","1","0.735","8593977.00"
"CACHOEIRAS DE MACACU","RJ","CACHOEIRAS DE MACACU / RJ","0.57","7590","3277","0.43","2","3","0.7","965890.00"
"CASIMIRO DE ABREU","RJ","CASIMIRO DE ABREU / RJ","0.61","6230","3076","0.49","1","4","0.726","1370025.00"
"GUAPIMIRIM","RJ","GUAPIMIRIM / RJ","0.59","5277","2505","0.47","1","4","0.698","920921.00"
"ITABORAÍ","RJ","ITABORAÍ / RJ","0.59","28046","13293","0.47","1","1","0.693","4186080.00"
"ITAPERUNA","RJ","ITAPERUNA / RJ","0.58","21564","9820","0.46","1","2","0.73","2705103.00"
"ITATIAIA","RJ","ITATIAIA / RJ","0.56","9297","3072","0.33","3","4","0.737","4361237.00"
"JAPERI","RJ","JAPERI / RJ","0.59","6597","2969","0.45","1","4","0.659","1615348.00"
"MACAÉ","RJ","MACAÉ / RJ","0.56","112038","34936","0.31","3","1","0.764","15371353.00"
"MAGÉ","RJ","MAGÉ / RJ","0.58","19685","9532","0.48","1","2","0.709","3855803.00"
"MANGARATIBA","RJ","MANGARATIBA / RJ","0.59","5620","2317","0.41","1","4","0.753","3599066.00"
"MARICÁ","RJ","MARICÁ / RJ","0.58","21527","9204","0.43","1","2","0.765","11438880.00"
"NITERÓI","RJ","NITERÓI / RJ","0.6","159796","81938","0.51","1","1","0.837","27471324.00"
"NOVA FRIBURGO","RJ","NOVA FRIBURGO / RJ","0.56","50147","18990","0.38","3","1","0.745","5014316.00"
"PARACAMBI","RJ","PARACAMBI / RJ","0.57","5222","2150","0.41","2","5","0.72","892884.00"
"PARAÍBA DO SUL","RJ","PARAÍBA DO SUL / RJ","0.57","8719","3741","0.43","2","3","0.702","931047.00"
"PARATY","RJ","PARATY / RJ","0.6","8373","4286","0.51","1","3","0.693","1590363.00"
"PETRÓPOLIS","RJ","PETRÓPOLIS / RJ","0.58","69633","30081","0.43","1","1","0.745","12811831.00"
"PIRAÍ","RJ","PIRAÍ / RJ","0.57","7787","2851","0.37","2","4","0.708","1857213.00"
"PORTO REAL","RJ","PORTO REAL / RJ","0.51","8107","1489","0.18","5","5","0.713","2856764.00"
"QUEIMADOS","RJ","QUEIMADOS / RJ","0.57","15425","7064","0.46","2","2","0.68","3703990.00"
"RESENDE","RJ","RESENDE / RJ","0.56","36158","13524","0.37","3","1","0.768","7731527.00"
"RIO BONITO","RJ","RIO BONITO / RJ","0.57","17379","6593","0.38","2","2","0.71","1600478.00"
"RIO DAS OSTRAS","RJ","RIO DAS OSTRAS / RJ","0.58","24557","10478","0.43","1","2","0.773","5597722.00"
"SANTO ANTÔNIO DE PÁDUA","RJ","SANTO ANTÔNIO DE PÁDUA / RJ","0.56","7808","3214","0.41","3","4","0.718","1049371.00"
"SÃO GONÇALO","RJ","SÃO GONÇALO / RJ","0.6","104938","51875","0.49","1","1","0.739","17225904.00"
"SÃO JOÃO DA BARRA","RJ","SÃO JOÃO DA BARRA / RJ","0.56","10473","3222","0.31","3","4","0.671","4688058.00"
"SÃO PEDRO DA ALDEIA","RJ","SÃO PEDRO DA ALDEIA / RJ","0.58","12533","5697","0.45","1","2","0.712","2158707.00"
"SAQUAREMA","RJ","SAQUAREMA / RJ","0.6","11925","6096","0.51","1","2","0.709","2092721.00"
"TERESÓPOLIS","RJ","TERESÓPOLIS / RJ","0.58","35165","15738","0.45","1","1","0.73","5085014.00"
"TRÊS RIOS","RJ","TRÊS RIOS / RJ","0.56","21374","8081","0.38","3","2","0.725","3714351.00"
"VALENÇA","RJ","VALENÇA / RJ","0.57","11500","4669","0.41","2","3","0.623","1435290.00"
"VASSOURAS","RJ","VASSOURAS / RJ","0.61","7077","3478","0.49","1","3","0.714","918199.00"
"VOLTA REDONDA","RJ","VOLTA REDONDA / RJ","0.58","71116","28363","0.4","1","1","0.771","11304596.00"
"SEROPÉDICA","RJ","SEROPÉDICA / RJ","0.56","13946","5624","0.4","3","2","0.713","4210874.00"
"SÃO JOÃO DE MERITI","RJ","SÃO JOÃO DE MERITI / RJ","0.59","54792","27801","0.51","1","1","0.719","9194527.00"
"NILÓPOLIS","RJ","NILÓPOLIS / RJ","0.62","18122","10273","0.57","1","2","0.753","2643916.00"
"DUQUE DE CAXIAS","RJ","DUQUE DE CAXIAS / RJ","0.58","142998","61310","0.43","1","1","0.711","40892161.00"
"ITAGUAÍ","RJ","ITAGUAÍ / RJ","0.57","25901","10122","0.39","2","2","0.715","7564819.00"
"MESQUITA","RJ","MESQUITA / RJ","0.59","12187","5473","0.45","1","3","0.656","45480.00"
"NOVA IGUAÇU","RJ","NOVA IGUAÇU / RJ","0.6","96985","50419","0.52","1","1","0.713","16833644.00"
"RIO DE JANEIRO","RJ","RIO DE JANEIRO / RJ","0.59","2106048","966484","0.46","1","1","0.799","337594462.00"
"BOM JESUS DO ITABAPOANA","RJ","BOM JESUS DO ITABAPOANA / RJ","0.59","6046","3227","0.53","1","4","0.732","727922.00"
"CAMPOS DOS GOYTACAZES","RJ","CAMPOS DOS GOYTACAZES / RJ","0.6","83224","42644","0.51","1","1","0.716","21088777.00"
"CAICÓ","RN","CAICÓ / RN","0.57","9807","4279","0.44","2","3","0.71","1145089.00"
"CEARÁ-MIRIM","RN","CEARÁ-MIRIM / RN","0.56","5906","2334","0.4","3","4","0.616","808622.00"
"CURRAIS NOVOS","RN","CURRAIS NOVOS / RN","0.58","5316","2161","0.41","1","5","0.691","721841.00"
"MACAÍBA","RN","MACAÍBA / RN","0.52","9086","2130","0.23","5","5","0.64","1479244.00"
"MOSSORÓ","RN","MOSSORÓ / RN","0.55","58249","24638","0.42","3","1","0.72","6166119.00"
"NATAL","RN","NATAL / RN","0.59","266112","134322","0.5","1","1","0.763","23454683.00"
"PARNAMIRIM","RN","PARNAMIRIM / RN","0.57","39641","17313","0.44","2","1","0.766","5022894.00"
"SÃO GONÇALO DO AMARANTE","RN","SÃO GONÇALO DO AMARANTE / RN","0.58","15277","8084","0.53","1","2","0.665","3081374.00"
"SÃO JOSÉ DE MIPIBU","RN","SÃO JOSÉ DE MIPIBU / RN","0.55","5556","2145","0.39","3","5","0.611","762405.00"
"ARIQUEMES","RO","ARIQUEMES / RO","0.56","15967","6678","0.42","3","2","0.702","2296074.00"
"CACOAL","RO","CACOAL / RO","0.56","17645","7079","0.4","3","2","0.718","2127523.00"
"JARU","RO","JARU / RO","0.56","9747","3518","0.36","3","3","0.689","1413628.00"
"JI-PARANÁ","RO","JI-PARANÁ / RO","0.56","28621","10857","0.38","3","2","0.714","3026759.00"
"OURO PRETO DO OESTE","RO","OURO PRETO DO OESTE / RO","0.58","5283","2319","0.44","1","4","0.682","777713.00"
"PIMENTA BUENO","RO","PIMENTA BUENO / RO","0.54","9506","3065","0.32","4","4","0.71","1076411.00"
"PORTO VELHO","RO","PORTO VELHO / RO","0.53","152285","47567","0.31","4","1","0.736","16514535.00"
"ROLIM DE MOURA","RO","ROLIM DE MOURA / RO","0.55","11017","3679","0.33","3","3","0.7","1297525.00"
"VILHENA","RO","VILHENA / RO","0.55","20565","7660","0.37","3","2","0.731","2555582.00"
"BOA VISTA","RR","BOA VISTA / RR","0.59","82598","48201","0.58","1","1","0.752","8939317.00"
"ALEGRETE","RS","ALEGRETE / RS","0.56","13640","6176","0.45","3","2","0.74","2019527.00"
"ALVORADA","RS","ALVORADA / RS","0.56","14445","5526","0.38","3","3","0.708","325873.00"
"ARROIO DO MEIO","RS","ARROIO DO MEIO / RS","0.52","6899","1694","0.25","5","5","0.769","1058560.00"
"BAGÉ","RS","BAGÉ / RS","0.58","21845","10485","0.48","1","2","0.74","3006499.00"
"BENTO GONÇALVES","RS","BENTO GONÇALVES / RS","0.54","43366","14169","0.33","4","1","0.778","5531266.00"
"CAÇAPAVA DO SUL","RS","CAÇAPAVA DO SUL / RS","0.55","6207","2546","0.41","3","4","0.704","815749.00"
"CACHOEIRA DO SUL","RS","CACHOEIRA DO SUL / RS","0.55","14707","6189","0.42","3","2","0.742","2298800.00"
"CACHOEIRINHA","RS","CACHOEIRINHA / RS","0.53","33453","8675","0.26","4","2","0.627","25677.00"
"CAMAQUÃ","RS","CAMAQUÃ / RS","0.54","11724","4415","0.38","4","3","0.697","2027360.00"
"CAMPO BOM","RS","CAMPO BOM / RS","0.52","21383","6279","0.29","5","2","0.745","2815006.00"
"CANELA","RS","CANELA / RS","0.57","9358","4160","0.44","2","3","0.748","1001465.00"
"CANOAS","RS","CANOAS / RS","0.57","79748","29498","0.37","2","1","0.75","18947513.00"
"CAPÃO DA CANOA","RS","CAPÃO DA CANOA / RS","0.6","12351","6351","0.51","1","2","0.743","1441573.00"
"CARAZINHO","RS","CARAZINHO / RS","0.55","13878","5267","0.38","3","3","0.766","2611747.00"
"CARLOS BARBOSA","RS","CARLOS BARBOSA / RS","0.52","12102","2565","0.21","5","4","0.796","2204423.00"
"CAXIAS DO SUL","RS","CAXIAS DO SUL / RS","0.53","150876","43261","0.29","4","1","0.782","21717020.00"
"CHARQUEADAS","RS","CHARQUEADAS / RS","0.55","6632","2145","0.32","3","5","0.747","1050976.00"
"CRUZ ALTA","RS","CRUZ ALTA / RS","0.57","12567","5202","0.41","2","3","0.75","3188890.00"
"DOIS IRMÃOS","RS","DOIS IRMÃOS / RS","0.5","11825","2491","0.21","5","4","0.743","1688574.00"
"DOM PEDRITO","RS","DOM PEDRITO / RS","0.52","6722","2727","0.41","5","4","0.708","1363474.00"
"ELDORADO DO SUL","RS","ELDORADO DO SUL / RS","0.54","15821","3131","0.2","4","4","0.717","1590085.00"
"ENCANTADO","RS","ENCANTADO / RS","0.53","7628","1968","0.26","4","5","0.767","827011.00"
"ERECHIM","RS","ERECHIM / RS","0.54","35406","11098","0.31","4","2","0.776","4484452.00"
"ESTÂNCIA VELHA","RS","ESTÂNCIA VELHA / RS","0.52","12618","3101","0.25","5","4","0.757","1310205.00"
"ESTEIO","RS","ESTEIO / RS","0.56","17605","6106","0.35","3","2","0.754","3183305.00"
"ESTRELA","RS","ESTRELA / RS","0.52","9830","2608","0.27","5","4","0.767","1275215.00"
"FARROUPILHA","RS","FARROUPILHA / RS","0.52","25109","6416","0.26","5","2","0.777","3161847.00"
"FLORES DA CUNHA","RS","FLORES DA CUNHA / RS","0.5","10449","2321","0.22","5","4","0.754","1481282.00"
"FREDERICO WESTPHALEN","RS","FREDERICO WESTPHALEN / RS","0.55","8812","3200","0.36","3","4","0.76","1050979.00"
"GARIBALDI","RS","GARIBALDI / RS","0.52","13396","2942","0.22","5","4","0.786","1812742.00"
"GRAMADO","RS","GRAMADO / RS","0.57","18526","8804","0.48","2","2","0.764","1720061.00"
"GRAVATAÍ","RS","GRAVATAÍ / RS","0.54","53344","15941","0.3","4","1","0.736","12406079.00"
"GUAÍBA","RS","GUAÍBA / RS","0.54","17128","5726","0.33","4","2","0.73","5629242.00"
"GUAPORÉ","RS","GUAPORÉ / RS","0.51","8367","2206","0.26","5","4","0.765","828596.00"
"HORIZONTINA","RS","HORIZONTINA / RS","0.52","5634","1492","0.26","5","5","0.783","1583978.00"
"IBIRUBÁ","RS","IBIRUBÁ / RS","0.54","6102","2077","0.34","4","5","0.765","904036.00"
"IGREJINHA","RS","IGREJINHA / RS","0.51","12034","2771","0.23","5","4","0.721","1593833.00"
"IJUÍ","RS","IJUÍ / RS","0.57","22046","8646","0.39","2","2","0.781","3194967.00"
"ITAQUI","RS","ITAQUI / RS","0.52","7051","2759","0.39","5","4","0.713","1338664.00"
"IVOTI","RS","IVOTI / RS","0.53","7823","2072","0.26","4","5","0.784","903806.00"
"LAGOA VERMELHA","RS","LAGOA VERMELHA / RS","0.53","5944","1990","0.33","4","5","0.738","964817.00"
"LAJEADO","RS","LAJEADO / RS","0.55","35649","11073","0.31","3","2","0.675","63344.00"
"MARAU","RS","MARAU / RS","0.54","13983","3928","0.28","4","3","0.593","213193.00"
"MONTENEGRO","RS","MONTENEGRO / RS","0.54","19952","6420","0.32","4","2","0.755","3301681.00"
"NÃO-ME-TOQUE","RS","NÃO-ME-TOQUE / RS","0.51","6965","1689","0.24","5","5","0.765","1146546.00"
"NOVA HARTZ","RS","NOVA HARTZ / RS","0.49","6553","1029","0.16","5","5","0.689","613593.00"
"NOVA PETRÓPOLIS","RS","NOVA PETRÓPOLIS / RS","0.53","7117","2164","0.3","4","5","0.78","762696.00"
"NOVA PRATA","RS","NOVA PRATA / RS","0.53","8508","2526","0.3","4","4","0.766","1199908.00"
"NOVA SANTA RITA","RS","NOVA SANTA RITA / RS","0.52","7856","1855","0.24","5","5","0.554","32992.00"
"NOVO HAMBURGO","RS","NOVO HAMBURGO / RS","0.55","71291","26169","0.37","3","1","0.747","8736151.00"
"OSÓRIO","RS","OSÓRIO / RS","0.57","11281","4282","0.38","2","3","0.751","2026364.00"
"PALMEIRA DAS MISSÕES","RS","PALMEIRA DAS MISSÕES / RS","0.55","5759","2432","0.42","3","4","0.737","1354145.00"
"PANAMBI","RS","PANAMBI / RS","0.52","12944","3583","0.28","5","3","0.761","1972116.00"
"PAROBÉ","RS","PAROBÉ / RS","0.51","13153","2893","0.22","5","4","0.704","1144719.00"
"PASSO FUNDO","RS","PASSO FUNDO / RS","0.57","59629","23495","0.39","2","1","0.776","8584861.00"
"PELOTAS","RS","PELOTAS / RS","0.58","73947","32565","0.44","1","1","0.739","8573355.00"
"PORTÃO","RS","PORTÃO / RS","0.52","8234","2035","0.25","5","5","0.713","1077214.00"
"PORTO ALEGRE","RS","PORTO ALEGRE / RS","0.58","646928","300610","0.46","1","1","0.805","73862306.00"
"RIO GRANDE","RS","RIO GRANDE / RS","0.57","43547","16998","0.39","2","1","0.744","9215701.00"
"RIO PARDO","RS","RIO PARDO / RS","0.55","5329","2094","0.39","3","5","0.693","872294.00"
"ROLANTE","RS","ROLANTE / RS","0.49","7081","1458","0.21","5","5","0.688","566895.00"
"ROSÁRIO DO SUL","RS","ROSÁRIO DO SUL / RS","0.54","5634","2281","0.4","4","4","0.699","921813.00"
"SANTA CRUZ DO SUL","RS","SANTA CRUZ DO SUL / RS","0.55","41741","14579","0.35","3","1","0.773","8238767.00"
"SANTA MARIA","RS","SANTA MARIA / RS","0.58","68359","30078","0.44","1","1","0.59","65384.00"
"SANTA ROSA","RS","SANTA ROSA / RS","0.55","22216","7683","0.35","3","2","0.769","2810212.00"
"SANTA VITÓRIA DO PALMAR","RS","SANTA VITÓRIA DO PALMAR / RS","0.52","6098","2235","0.37","5","4","0.712","960548.00"
"SANTIAGO","RS","SANTIAGO / RS","0.57","8167","3700","0.45","2","3","0.766","1271105.00"
"SANTO ÂNGELO","RS","SANTO ÂNGELO / RS","0.57","18523","7262","0.39","2","2","0.772","2318885.00"
"SANTO ANTÔNIO DA PATRULHA","RS","SANTO ANTÔNIO DA PATRULHA / RS","0.52","9854","2892","0.29","5","4","0.717","1266970.00"
"SÃO BORJA","RS","SÃO BORJA / RS","0.54","10862","4256","0.39","4","3","0.736","1784089.00"
"SÃO GABRIEL","RS","SÃO GABRIEL / RS","0.56","9387","4037","0.43","3","3","0.592","109646.00"
"SÃO LEOPOLDO","RS","SÃO LEOPOLDO / RS","0.54","56812","17951","0.32","4","1","0.739","7829272.00"
"SÃO LOURENÇO DO SUL","RS","SÃO LOURENÇO DO SUL / RS","0.59","5893","3007","0.51","1","4","0.687","1108701.00"
"SÃO LUIZ GONZAGA","RS","SÃO LUIZ GONZAGA / RS","0.56","6409","2547","0.4","3","4","0.741","1134868.00"
"SÃO MARCOS","RS","SÃO MARCOS / RS","0.51","6749","1727","0.26","5","5","0.768","706530.00"
"SÃO SEBASTIÃO DO CAÍ","RS","SÃO SEBASTIÃO DO CAÍ / RS","0.54","7596","1718","0.23","4","5","0.739","631811.00"
"SAPIRANGA","RS","SAPIRANGA / RS","0.52","24116","5836","0.24","5","2","0.711","3286119.00"
"SAPUCAIA DO SUL","RS","SAPUCAIA DO SUL / RS","0.56","19668","7046","0.36","3","2","0.726","3135020.00"
"SARANDI","RS","SARANDI / RS","0.54","6533","1892","0.29","4","5","0.695","1456938.00"
"SERAFINA CORRÊA","RS","SERAFINA CORRÊA / RS","0.53","5918","1295","0.22","4","5","0.76","618494.00"
"SOLEDADE","RS","SOLEDADE / RS","0.56","5011","1960","0.39","3","5","0.616","170472.00"
"TAPEJARA","RS","TAPEJARA / RS","0.54","8409","2219","0.26","4","4","0.703","484574.00"
"TAQUARA","RS","TAQUARA / RS","0.56","10803","4104","0.38","3","3","0.727","1256709.00"
"TEUTÔNIA","RS","TEUTÔNIA / RS","0.52","10994","2857","0.26","5","4","0.747","1289617.00"
"TORRES","RS","TORRES / RS","0.59","9796","4707","0.48","1","3","0.762","1162766.00"
"TRAMANDAÍ","RS","TRAMANDAÍ / RS","0.6","7579","3799","0.5","1","3","0.719","1011455.00"
"TRÊS COROAS","RS","TRÊS COROAS / RS","0.48","8461","1682","0.2","5","5","0.71","911456.00"
"TRÊS DE MAIO","RS","TRÊS DE MAIO / RS","0.55","6153","2093","0.34","3","5","0.759","946236.00"
"TRÊS PASSOS","RS","TRÊS PASSOS / RS","0.56","5916","2317","0.39","3","4","0.768","779906.00"
"TRIUNFO","RS","TRIUNFO / RS","0.55","10516","2525","0.24","3","4","0.609","74711.00"
"URUGUAIANA","RS","URUGUAIANA / RS","0.55","21280","9386","0.44","3","2","0.744","2807639.00"
"VACARIA","RS","VACARIA / RS","0.51","17190","5162","0.3","5","3","0.721","2131390.00"
"VENÂNCIO AIRES","RS","VENÂNCIO AIRES / RS","0.54","15866","4592","0.29","4","3","0.712","2696507.00"
"VERANÓPOLIS","RS","VERANÓPOLIS / RS","0.52","7604","1906","0.25","5","5","0.773","1405090.00"
"VIAMÃO","RS","VIAMÃO / RS","0.58","20969","9735","0.46","1","2","0.717","3564507.00"
"ARAQUARI","SC","ARAQUARI / SC","0.51","14491","2887","0.2","5","4","0.703","3925932.00"
"ARARANGUÁ","SC","ARARANGUÁ / SC","0.56","15143","5893","0.39","3","2","0.76","1724538.00"
"BALNEÁRIO CAMBORIÚ","SC","BALNEÁRIO CAMBORIÚ / SC","0.59","48539","23369","0.48","1","1","0.845","5148510.00"
"BARRA VELHA","SC","BARRA VELHA / SC","0.55","6489","2263","0.35","3","4","0.738","1664142.00"
"BIGUAÇU","SC","BIGUAÇU / SC","0.54","13436","3959","0.29","4","3","0.739","1609123.00"
"BLUMENAU","SC","BLUMENAU / SC","0.54","131686","41771","0.32","4","1","0.806","16008744.00"
"BOMBINHAS","SC","BOMBINHAS / SC","0.58","6309","3251","0.52","1","3","0.781","598278.00"
"BRAÇO DO NORTE","SC","BRAÇO DO NORTE / SC","0.53","11401","3288","0.29","4","3","0.778","1134369.00"
"BRUSQUE","SC","BRUSQUE / SC","0.53","48732","12994","0.27","4","1","0.795","5883938.00"
"CAÇADOR","SC","CAÇADOR / SC","0.51","23984","5801","0.24","5","2","0.735","3073698.00"
"CAMBORIÚ","SC","CAMBORIÚ / SC","0.56","10722","3832","0.36","3","3","0.726","1350594.00"
"CAMPOS NOVOS","SC","CAMPOS NOVOS / SC","0.53","9494","2625","0.28","4","4","0.742","1964428.00"
"CANOINHAS","SC","CANOINHAS / SC","0.55","11455","4229","0.37","3","3","0.757","1580506.00"
"CAPINZAL","SC","CAPINZAL / SC","0.53","8557","1662","0.19","4","5","0.752","838077.00"
"CHAPECÓ","SC","CHAPECÓ / SC","0.55","79371","23676","0.3","3","1","0.79","8890178.00"
"COCAL DO SUL","SC","COCAL DO SUL / SC","0.5","5110","1161","0.23","5","5","0.78","705873.00"
"CONCÓRDIA","SC","CONCÓRDIA / SC","0.54","28500","8456","0.3","4","2","0.8","3178922.00"
"CRICIÚMA","SC","CRICIÚMA / SC","0.54","67296","21676","0.32","4","1","0.788","7146731.00"
"CURITIBANOS","SC","CURITIBANOS / SC","0.54","9463","3012","0.32","4","4","0.721","1495509.00"
"FLORIANÓPOLIS","SC","FLORIANÓPOLIS / SC","0.59","256551","123979","0.48","1","1","0.847","19512519.00"
"FORQUILHINHA","SC","FORQUILHINHA / SC","0.51","7413","1484","0.2","5","5","0.753","813292.00"
"FRAIBURGO","SC","FRAIBURGO / SC","0.51","8891","2532","0.28","5","4","0.731","907522.00"
"GAROPABA","SC","GAROPABA / SC","0.57","5658","2503","0.44","2","4","0.753","534079.00"
"GASPAR","SC","GASPAR / SC","0.52","22620","5000","0.22","5","3","0.765","2824094.00"
"GUABIRUBA","SC","GUABIRUBA / SC","0.49","6821","1050","0.15","5","5","0.754","902535.00"
"GUARAMIRIM","SC","GUARAMIRIM / SC","0.51","12503","2698","0.22","5","4","0.751","1536598.00"
"IBIRAMA","SC","IBIRAMA / SC","0.5","5796","1152","0.2","5","5","0.737","421545.00"
"IÇARA","SC","IÇARA / SC","0.52","16522","3746","0.23","5","3","0.741","2101908.00"
"IMBITUBA","SC","IMBITUBA / SC","0.57","9968","4216","0.42","2","3","0.765","1547410.00"
"INDAIAL","SC","INDAIAL / SC","0.52","23952","5318","0.22","5","3","0.777","2499704.00"
"ITAJAÍ","SC","ITAJAÍ / SC","0.55","83338","26216","0.31","3","1","0.795","21913882.00"
"ITAPEMA","SC","ITAPEMA / SC","0.57","17700","7128","0.4","2","2","0.796","1698077.00"
"ITAPIRANGA","SC","ITAPIRANGA / SC","0.5","6832","1397","0.2","5","5","0.654","107576.00"
"ITUPORANGA","SC","ITUPORANGA / SC","0.53","6191","1982","0.32","4","5","0.748","831607.00"
"JARAGUÁ DO SUL","SC","JARAGUÁ DO SUL / SC","0.52","64994","15943","0.25","5","1","0.803","8528976.00"
"JOAÇABA","SC","JOAÇABA / SC","0.56","15950","4961","0.31","3","3","0.827","1576907.00"
"JOINVILLE","SC","JOINVILLE / SC","0.54","212908","63514","0.3","4","1","0.809","27378205.00"
"LAGES","SC","LAGES / SC","0.55","43272","15945","0.37","3","1","0.77","5074152.00"
"LAGUNA","SC","LAGUNA / SC","0.56","6766","2821","0.42","3","4","0.752","841698.00"
"MAFRA","SC","MAFRA / SC","0.53","13365","4203","0.31","4","3","0.777","1659985.00"
"MARAVILHA","SC","MARAVILHA / SC","0.53","9060","2200","0.24","4","5","0.569","66185.00"
"MORRO DA FUMAÇA","SC","MORRO DA FUMAÇA / SC","0.51","5978","1282","0.21","5","5","0.738","635361.00"
"NAVEGANTES","SC","NAVEGANTES / SC","0.52","19647","5333","0.27","5","3","0.736","4106551.00"
"NOVA TRENTO","SC","NOVA TRENTO / SC","0.52","5760","1032","0.18","5","5","0.748","523515.00"
"NOVA VENEZA","SC","NOVA VENEZA / SC","0.49","6726","1089","0.16","5","5","0.768","706798.00"
"ORLEANS","SC","ORLEANS / SC","0.52","6933","1711","0.25","5","5","0.755","972451.00"
"PALHOÇA","SC","PALHOÇA / SC","0.56","41414","14632","0.35","3","1","0.757","4832015.00"
"PENHA","SC","PENHA / SC","0.57","6977","3012","0.43","2","4","0.743","673705.00"
"PINHALZINHO","SC","PINHALZINHO / SC","0.52","6872","1764","0.26","5","5","0.725","250266.00"
"POMERODE","SC","POMERODE / SC","0.51","14236","2924","0.21","5","4","0.78","1918862.00"
"PORTO BELO","SC","PORTO BELO / SC","0.55","6477","2465","0.38","3","4","0.76","944823.00"
"PORTO UNIÃO","SC","PORTO UNIÃO / SC","0.56","6155","2110","0.34","3","5","0.786","702997.00"
"PRESIDENTE GETÚLIO","SC","PRESIDENTE GETÚLIO / SC","0.49","6763","1171","0.17","5","5","0.759","625706.00"
"RIO DO SUL","SC","RIO DO SUL / SC","0.54","24703","8326","0.34","4","2","0.802","2571376.00"
"RIO NEGRINHO","SC","RIO NEGRINHO / SC","0.51","11822","2918","0.25","5","4","0.738","1092305.00"
"SANTO AMARO DA IMPERATRIZ","SC","SANTO AMARO DA IMPERATRIZ / SC","0.57","5432","2281","0.42","2","4","0.781","753610.00"
"SÃO BENTO DO SUL","SC","SÃO BENTO DO SUL / SC","0.52","27967","7119","0.25","5","2","0.782","2992809.00"
"SÃO FRANCISCO DO SUL","SC","SÃO FRANCISCO DO SUL / SC","0.56","11061","3940","0.36","3","3","0.762","3993553.00"
"SÃO JOÃO BATISTA","SC","SÃO JOÃO BATISTA / SC","0.5","8961","1832","0.2","5","5","0.598","123749.00"
"SÃO JOAQUIM","SC","SÃO JOAQUIM / SC","0.48","6184","1706","0.28","5","5","0.687","858521.00"
"SÃO JOSÉ","SC","SÃO JOSÉ / SC","0.56","98672","32217","0.33","3","1","0.809","10131013.00"
"SÃO LOURENÇO DO OESTE","SC","SÃO LOURENÇO DO OESTE / SC","0.52","9246","1808","0.2","5","5","0.749","839374.00"
"SÃO MIGUEL DO OESTE","SC","SÃO MIGUEL DO OESTE / SC","0.55","13651","4755","0.35","3","3","0.801","1449262.00"
"SEARA","SC","SEARA / SC","0.5","6828","1334","0.2","5","5","0.779","812693.00"
"SOMBRIO","SC","SOMBRIO / SC","0.53","6852","2245","0.33","4","4","0.728","751251.00"
"TAIÓ","SC","TAIÓ / SC","0.53","5159","1412","0.27","4","5","0.761","573530.00"
"TIJUCAS","SC","TIJUCAS / SC","0.53","13062","3887","0.3","4","3","0.76","1466587.00"
"TIMBÓ","SC","TIMBÓ / SC","0.51","16909","3965","0.23","5","3","0.784","1832021.00"
"TRÊS BARRAS","SC","TRÊS BARRAS / SC","0.5","5234","996","0.19","5","5","0.706","1043262.00"
"TUBARÃO","SC","TUBARÃO / SC","0.55","36671","13211","0.36","3","1","0.796","3514932.00"
"URUSSANGA","SC","URUSSANGA / SC","0.5","6268","1384","0.22","5","5","0.772","794243.00"
"VIDEIRA","SC","VIDEIRA / SC","0.54","20472","5274","0.26","4","3","0.764","2205750.00"
"XANXERÊ","SC","XANXERÊ / SC","0.55","14134","5552","0.39","3","3","0.775","1603411.00"
"XAXIM","SC","XAXIM / SC","0.52","10449","2354","0.23","5","4","0.752","929324.00"
"ARACAJU","SE","ARACAJU / SE","0.6","195775","97601","0.5","1","1","0.77","16373280.00"
"ESTÂNCIA","SE","ESTÂNCIA / SE","0.57","9456","3735","0.39","2","3","0.647","1633878.00"
"ITABAIANA","SE","ITABAIANA / SE","0.57","14999","6869","0.46","2","2","0.613","273652.00"
"LAGARTO","SE","LAGARTO / SE","0.56","11864","4620","0.39","3","3","0.625","1505153.00"
"LARANJEIRAS","SE","LARANJEIRAS / SE","0.45","6121","1239","0.2","5","5","0.642","926217.00"
"NOSSA SENHORA DO SOCORRO","SE","NOSSA SENHORA DO SOCORRO / SE","0.55","19111","6265","0.33","3","2","0.664","2597290.00"
"SÃO CRISTÓVÃO","SE","SÃO CRISTÓVÃO / SE","0.57","12983","5657","0.44","2","2","0.662","909858.00"
"ARAGUAÍNA","TO","ARAGUAÍNA / TO","0.57","32998","13480","0.41","2","1","0.752","4013612.00"
"GURUPI","TO","GURUPI / TO","0.57","14634","5878","0.4","2","2","0.759","2155992.00"
"PALMAS","TO","PALMAS / TO","0.62","126321","70291","0.56","1","1","0.788","8246273.00"
"PARAÍSO DO TOCANTINS","TO","PARAÍSO DO TOCANTINS / TO","0.55","8482","3048","0.36","3","4","0.764","1196353.00"
"PORTO NACIONAL","TO","PORTO NACIONAL / TO","0.56","8348","3254","0.39","3","3","0.74","2627604.00"
