"title","state","description","value","workers_risk","workers_total","risk_level","workers_risk_level","idhm","pib"
"ADAMANTINA","SP","ADAMANTINA / SP","0.37","3824","10433","3","3","0.79","30010.56"
"AGUAÍ","SP","AGUAÍ / SP","0.28","1919","6976","5","5","0.715","26549.19"
"AGUDOS","SP","AGUDOS / SP","0.37","3085","8445","3","4","0.745","55938.77"
"ALUMÍNIO","SP","ALUMÍNIO / SP","0.17","1080","6277","5","5","0.766","101155.71"
"AMERICANA","SP","AMERICANA / SP","0.33","23397","71515","4","1","0.811","44396.30"
"AMÉRICO BRASILIENSE","SP","AMÉRICO BRASILIENSE / SP","0.29","2761","9640","4","4","0.751","24197.10"
"AMPARO","SP","AMPARO / SP","0.3","7217","23824","4","2","0.606","10860.62"
"ANDRADINA","SP","ANDRADINA / SP","0.35","5375","15439","3","3","0.779","34385.26"
"ANGATUBA","SP","ANGATUBA / SP","0.36","1795","5052","3","5","0.719","39106.98"
"APARECIDA","SP","APARECIDA / SP","0.46","5334","11490","1","3","0.578","8566.62"
"ARAÇARIGUAMA","SP","ARAÇARIGUAMA / SP","0.25","2504","9995","5","4","0.704","135194.59"
"ARAÇATUBA","SP","ARAÇATUBA / SP","0.41","21492","52301","2","1","0.788","35769.43"
"ARAÇOIABA DA SERRA","SP","ARAÇOIABA DA SERRA / SP","0.33","1765","5310","4","5","0.776","20558.05"
"ARARAQUARA","SP","ARARAQUARA / SP","0.38","27996","73820","3","1","0.815","39039.34"
"ARARAS","SP","ARARAS / SP","0.31","11627","37614","4","1","0.781","40249.39"
"ARTUR NOGUEIRA","SP","ARTUR NOGUEIRA / SP","0.32","3075","9464","4","4","0.749","20795.40"
"ARUJÁ","SP","ARUJÁ / SP","0.29","6566","22962","4","2","0.784","61458.72"
"ASSIS","SP","ASSIS / SP","0.43","9275","21375","2","2","0.805","32100.85"
"ATIBAIA","SP","ATIBAIA / SP","0.36","14237","39235","3","1","0.765","44119.90"
"AVARÉ","SP","AVARÉ / SP","0.35","7742","21862","3","2","0.767","29292.24"
"BARIRI","SP","BARIRI / SP","0.28","2434","8600","5","4","0.75","33129.26"
"BARRA BONITA","SP","BARRA BONITA / SP","0.28","3122","11320","5","4","0.788","38198.66"
"BARRETOS","SP","BARRETOS / SP","0.39","12536","31812","2","1","0.789","36834.01"
"BARUERI","SP","BARUERI / SP","0.31","78149","251308","4","1","0.786","177747.83"
"BASTOS","SP","BASTOS / SP","0.57","4302","7509","1","3","0.751","49737.57"
"BATATAIS","SP","BATATAIS / SP","0.31","4760","15259","4","3","0.761","24063.75"
"BAURU","SP","BAURU / SP","0.39","49020","124472","2","1","0.801","37051.72"
"BEBEDOURO","SP","BEBEDOURO / SP","0.29","7757","26756","4","2","0.78","41929.78"
"BERTIOGA","SP","BERTIOGA / SP","0.43","5646","13028","2","2","0.73","27093.33"
"BIRIGUI","SP","BIRIGUI / SP","0.31","9760","31977","4","2","0.78","26071.64"
"BOITUVA","SP","BOITUVA / SP","0.21","4771","22827","5","3","0.78","46569.95"
"BOM JESUS DOS PERDÕES","SP","BOM JESUS DOS PERDÕES / SP","0.24","1307","5401","5","5","0.713","35962.34"
"BOTUCATU","SP","BOTUCATU / SP","0.38","15324","40567","3","1","0.8","30100.24"
"BRAGANÇA PAULISTA","SP","BRAGANÇA PAULISTA / SP","0.35","15685","44629","3","1","0.776","34553.72"
"BROTAS","SP","BROTAS / SP","0.32","2225","6993","4","4","0.74","33700.04"
"CABREÚVA","SP","CABREÚVA / SP","0.2","2760","14107","5","4","0.738","89694.92"
"CAÇAPAVA","SP","CAÇAPAVA / SP","0.28","6199","21790","5","2","0.788","44013.99"
"CACHOEIRA PAULISTA","SP","CACHOEIRA PAULISTA / SP","0.4","2079","5252","2","5","0.764","18044.77"
"CAIEIRAS","SP","CAIEIRAS / SP","0.28","5392","19454","5","3","0.781","33491.19"
"CAJAMAR","SP","CAJAMAR / SP","0.21","8204","38948","5","2","0.728","202962.50"
"CAJATI","SP","CAJATI / SP","0.26","1663","6364","5","5","0.694","54220.11"
"CAMPINAS","SP","CAMPINAS / SP","0.39","156353","406047","2","1","0.805","49942.59"
"CAMPO LIMPO PAULISTA","SP","CAMPO LIMPO PAULISTA / SP","0.32","4086","12783","4","3","0.769","23293.67"
"CAMPOS DO JORDÃO","SP","CAMPOS DO JORDÃO / SP","0.51","6550","12853","1","2","0.749","23235.33"
"CÂNDIDO MOTA","SP","CÂNDIDO MOTA / SP","0.3","1687","5675","4","5","0.747","32167.96"
"CAPÃO BONITO","SP","CAPÃO BONITO / SP","0.39","3155","8042","2","4","0.721","17158.94"
"CAPIVARI","SP","CAPIVARI / SP","0.32","4933","15249","4","3","0.75","34575.39"
"CARAGUATATUBA","SP","CARAGUATATUBA / SP","0.52","11774","22852","1","1","0.759","25073.95"
"CARAPICUÍBA","SP","CARAPICUÍBA / SP","0.4","13710","34506","2","1","0.749","13854.10"
"CASA BRANCA","SP","CASA BRANCA / SP","0.27","1833","6669","5","5","0.73","26596.41"
"CATANDUVA","SP","CATANDUVA / SP","0.41","14754","35919","2","1","0.785","32932.52"
"CERQUILHO","SP","CERQUILHO / SP","0.26","3190","12355","5","4","0.782","37302.48"
"COLINA","SP","COLINA / SP","0.27","1361","5083","5","5","0.757","51642.33"
"CONCHAL","SP","CONCHAL / SP","0.31","1695","5509","4","5","0.708","23809.00"
"CORDEIRÓPOLIS","SP","CORDEIRÓPOLIS / SP","0.22","2151","9579","5","5","0.758","109697.70"
"COSMÓPOLIS","SP","COSMÓPOLIS / SP","0.34","3180","9397","3","4","0.769","22807.24"
"COTIA","SP","COTIA / SP","0.34","24929","73178","3","1","0.78","48678.74"
"CRAVINHOS","SP","CRAVINHOS / SP","0.27","2423","9024","5","4","0.756","29876.08"
"CRUZEIRO","SP","CRUZEIRO / SP","0.31","5060","16342","4","3","0.788","26145.67"
"CUBATÃO","SP","CUBATÃO / SP","0.29","8303","28956","4","2","0.737","95822.18"
"DESCALVADO","SP","DESCALVADO / SP","0.27","2658","9689","5","4","0.76","49281.66"
"DIADEMA","SP","DIADEMA / SP","0.29","25305","87890","4","1","0.757","32097.86"
"DOIS CÓRREGOS","SP","DOIS CÓRREGOS / SP","0.35","1778","5061","3","5","0.725","24315.12"
"DRACENA","SP","DRACENA / SP","0.43","4334","10057","2","3","0.776","25188.56"
"ELIAS FAUSTO","SP","ELIAS FAUSTO / SP","0.18","920","5149","5","5","0.695","36355.80"
"EMBU-GUAÇU","SP","EMBU-GUAÇU / SP","0.32","2642","8239","4","4","0.749","15284.76"
"EMBU DAS ARTES","SP","EMBU DAS ARTES / SP","0.32","14144","44003","4","1","0.735","43860.23"
"ESPÍRITO SANTO DO PINHAL","SP","ESPÍRITO SANTO DO PINHAL / SP","0.27","3143","11691","5","4","0.787","28503.78"
"FERNANDÓPOLIS","SP","FERNANDÓPOLIS / SP","0.38","6283","16366","3","2","0.797","28109.45"
"FERRAZ DE VASCONCELOS","SP","FERRAZ DE VASCONCELOS / SP","0.32","6109","19134","4","2","0.738","15830.42"
"FRANCA","SP","FRANCA / SP","0.38","32408","84716","3","1","0.78","27097.66"
"FRANCISCO MORATO","SP","FRANCISCO MORATO / SP","0.6","5888","9839","1","2","0.703","8535.03"
"FRANCO DA ROCHA","SP","FRANCO DA ROCHA / SP","0.44","7226","16503","2","2","0.731","20265.91"
"GARÇA","SP","GARÇA / SP","0.34","3602","10609","3","3","0.769","25999.84"
"GUAÍRA","SP","GUAÍRA / SP","0.19","2693","14414","5","4","0.753","91773.43"
"GUARARAPES","SP","GUARARAPES / SP","0.35","2246","6471","3","4","0.763","30233.85"
"GUARAREMA","SP","GUARAREMA / SP","0.27","2038","7548","5","5","0.731","33161.69"
"GUARATINGUETÁ","SP","GUARATINGUETÁ / SP","0.39","11184","28350","2","2","0.798","43828.48"
"GUARIBA","SP","GUARIBA / SP","0.29","2057","7081","4","5","0.719","22680.97"
"GUARUJÁ","SP","GUARUJÁ / SP","0.48","22780","47851","1","1","0.751","27220.37"
"GUARULHOS","SP","GUARULHOS / SP","0.35","115669","328500","3","1","0.763","41318.74"
"HOLAMBRA","SP","HOLAMBRA / SP","0.31","3053","9963","4","4","0.793","64813.35"
"HORTOLÂNDIA","SP","HORTOLÂNDIA / SP","0.31","13354","43232","4","1","0.756","58188.31"
"IBATÉ","SP","IBATÉ / SP","0.26","1513","5768","5","5","0.703","26759.56"
"IBITINGA","SP","IBITINGA / SP","0.3","4350","14646","4","3","0.747","25233.68"
"IBIÚNA","SP","IBIÚNA / SP","0.32","4602","14177","4","3","0.71","21050.04"
"IGARAPAVA","SP","IGARAPAVA / SP","0.35","1955","5565","3","5","0.768","35787.31"
"ILHABELA","SP","ILHABELA / SP","0.5","4047","8085","1","3","0.756","184493.91"
"INDAIATUBA","SP","INDAIATUBA / SP","0.3","22300","74619","4","1","0.788","56301.42"
"IPERÓ","SP","IPERÓ / SP","0.25","1574","6238","5","5","0.719","16164.47"
"IRACEMÁPOLIS","SP","IRACEMÁPOLIS / SP","0.22","1436","6674","5","5","0.776","56294.14"
"ITAÍ","SP","ITAÍ / SP","0.3","1658","5591","4","5","0.713","22159.23"
"ITANHAÉM","SP","ITANHAÉM / SP","0.52","7314","14181","1","2","0.745","18811.60"
"ITAPECERICA DA SERRA","SP","ITAPECERICA DA SERRA / SP","0.39","8667","22464","2","2","0.742","19200.84"
"ITAPETININGA","SP","ITAPETININGA / SP","0.34","12457","36230","3","1","0.763","27855.67"
"ITAPEVA","SP","ITAPEVA / SP","0.36","7090","19869","3","2","0.72","31479.52"
"ITAPEVI","SP","ITAPEVI / SP","0.34","11546","33995","3","1","0.735","50533.58"
"ITAPIRA","SP","ITAPIRA / SP","0.29","6786","23494","4","2","0.762","46827.69"
"ITÁPOLIS","SP","ITÁPOLIS / SP","0.27","2850","10559","5","4","0.744","32121.54"
"ITAQUAQUECETUBA","SP","ITAQUAQUECETUBA / SP","0.32","13258","41420","4","1","0.714","19221.30"
"ITARARÉ","SP","ITARARÉ / SP","0.38","3193","8445","3","4","0.703","17375.57"
"ITATIBA","SP","ITATIBA / SP","0.3","9700","32810","4","2","0.778","47778.72"
"ITIRAPINA","SP","ITIRAPINA / SP","0.3","1512","5043","4","5","0.724","21959.99"
"ITU","SP","ITU / SP","0.36","20014","55050","3","1","0.773","44504.91"
"ITUPEVA","SP","ITUPEVA / SP","0.26","7086","27497","5","2","0.762","107387.50"
"ITUVERAVA","SP","ITUVERAVA / SP","0.47","3366","7224","1","3","0.765","39097.45"
"JABOTICABAL","SP","JABOTICABAL / SP","0.32","6954","21415","4","2","0.778","35944.33"
"JACAREÍ","SP","JACAREÍ / SP","0.33","16356","49321","4","1","0.777","50886.68"
"JAGUARIÚNA","SP","JAGUARIÚNA / SP","0.21","7210","34318","5","2","0.784","209320.86"
"JALES","SP","JALES / SP","0.42","4681","11238","2","3","0.776","28394.63"
"JANDIRA","SP","JANDIRA / SP","0.35","6348","18139","3","2","0.76","33158.63"
"JARDINÓPOLIS","SP","JARDINÓPOLIS / SP","0.3","2707","8929","4","4","0.735","24993.12"
"JARINU","SP","JARINU / SP","0.25","2106","8513","5","5","0.733","78890.07"
"JAÚ","SP","JAÚ / SP","0.39","14707","37812","2","1","0.778","31163.28"
"JOSÉ BONIFÁCIO","SP","JOSÉ BONIFÁCIO / SP","0.27","2695","9825","5","4","0.777","38399.66"
"JUNDIAÍ","SP","JUNDIAÍ / SP","0.33","55073","164698","4","1","0.822","100679.50"
"JUNQUEIRÓPOLIS","SP","JUNQUEIRÓPOLIS / SP","0.29","1619","5517","4","5","0.745","30128.38"
"JUQUITIBA","SP","JUQUITIBA / SP","0.32","1681","5270","4","5","0.709","15653.16"
"LARANJAL PAULISTA","SP","LARANJAL PAULISTA / SP","0.24","2155","9017","5","5","0.729","36123.07"
"LEME","SP","LEME / SP","0.32","7049","21913","4","2","0.744","29434.15"
"LENÇÓIS PAULISTA","SP","LENÇÓIS PAULISTA / SP","0.3","5521","18319","4","3","0.764","38248.16"
"LIMEIRA","SP","LIMEIRA / SP","0.3","24487","81857","4","1","0.775","40393.18"
"LINS","SP","LINS / SP","0.28","7070","24844","5","2","0.786","46402.67"
"LORENA","SP","LORENA / SP","0.38","6416","16759","3","2","0.766","27729.79"
"LOUVEIRA","SP","LOUVEIRA / SP","0.23","3964","16938","5","3","0.777","300639.40"
"LUCÉLIA","SP","LUCÉLIA / SP","0.24","1958","8285","5","5","0.752","19958.94"
"LUÍS ANTÔNIO","SP","LUÍS ANTÔNIO / SP","0.12","827","6809","5","5","0.731","94395.57"
"MAIRINQUE","SP","MAIRINQUE / SP","0.37","3704","9961","3","3","0.743","36639.11"
"MAIRIPORÃ","SP","MAIRIPORÃ / SP","0.34","4510","13120","3","3","0.788","17957.29"
"MARÍLIA","SP","MARÍLIA / SP","0.41","27885","68447","2","1","0.798","32816.72"
"MATÃO","SP","MATÃO / SP","0.23","7074","30449","5","2","0.773","46434.00"
"MAUÁ","SP","MAUÁ / SP","0.32","20589","64142","4","1","0.766","35251.59"
"MIRASSOL","SP","MIRASSOL / SP","0.32","4400","13928","4","3","0.762","33298.79"
"MOCOCA","SP","MOCOCA / SP","0.33","5386","16358","4","3","0.762","32298.34"
"MOGI DAS CRUZES","SP","MOGI DAS CRUZES / SP","0.39","39692","101663","2","1","0.783","33350.06"
"MOGI GUAÇU","SP","MOGI GUAÇU / SP","0.3","11727","38882","4","1","0.774","37199.26"
"MOGI MIRIM","SP","MOGI MIRIM / SP","0.33","9077","27589","4","2","0.784","48253.07"
"MONGAGUÁ","SP","MONGAGUÁ / SP","0.48","3067","6325","1","4","0.754","18173.41"
"MONTE ALTO","SP","MONTE ALTO / SP","0.29","3916","13358","4","3","0.768","32468.71"
"MONTE MOR","SP","MONTE MOR / SP","0.33","4291","12913","4","3","0.733","50978.28"
"MORRO AGUDO","SP","MORRO AGUDO / SP","0.24","1886","7822","5","5","0.712","41246.43"
"NOVA ODESSA","SP","NOVA ODESSA / SP","0.2","3922","19547","5","3","0.791","54529.18"
"NOVO HORIZONTE","SP","NOVO HORIZONTE / SP","0.28","2708","9739","5","4","0.597","6051.66"
"OLÍMPIA","SP","OLÍMPIA / SP","0.36","5520","15213","3","3","0.773","38350.45"
"ORLÂNDIA","SP","ORLÂNDIA / SP","0.32","3686","11452","4","3","0.78","41133.95"
"OSASCO","SP","OSASCO / SP","0.39","60998","157389","2","1","0.776","111637.85"
"OSVALDO CRUZ","SP","OSVALDO CRUZ / SP","0.33","2459","7353","4","4","0.762","26856.49"
"OURINHOS","SP","OURINHOS / SP","0.4","10733","26611","2","2","0.778","26827.36"
"PARAGUAÇU PAULISTA","SP","PARAGUAÇU PAULISTA / SP","0.26","3295","12667","5","3","0.762","27292.75"
"PAULÍNIA","SP","PAULÍNIA / SP","0.31","12776","41442","4","1","0.795","344847.17"
"PEDERNEIRAS","SP","PEDERNEIRAS / SP","0.28","3447","12420","5","3","0.739","37708.52"
"PEDREIRA","SP","PEDREIRA / SP","0.26","3422","13208","5","3","0.769","24218.51"
"PENÁPOLIS","SP","PENÁPOLIS / SP","0.36","5456","15010","3","3","0.759","25186.01"
"PEREIRA BARRETO","SP","PEREIRA BARRETO / SP","0.35","1896","5368","3","5","0.766","31701.06"
"PERUÍBE","SP","PERUÍBE / SP","0.5","4542","9115","1","3","0.749","20231.80"
"PIEDADE","SP","PIEDADE / SP","0.33","2612","7933","4","4","0.716","22104.36"
"PILAR DO SUL","SP","PILAR DO SUL / SP","0.26","1753","6726","5","5","0.69","22309.48"
"PINDAMONHANGABA","SP","PINDAMONHANGABA / SP","0.36","11190","31320","3","2","0.773","42704.21"
"PIRACICABA","SP","PIRACICABA / SP","0.34","42212","123041","3","1","0.785","55111.15"
"PIRAJU","SP","PIRAJU / SP","0.48","2877","5971","1","4","0.758","23505.70"
"PIRAPOZINHO","SP","PIRAPOZINHO / SP","0.36","1933","5442","3","5","0.776","35603.90"
"PIRASSUNUNGA","SP","PIRASSUNUNGA / SP","0.31","6242","20281","4","2","0.801","34524.48"
"PITANGUEIRAS","SP","PITANGUEIRAS / SP","0.26","2033","7713","5","5","0.723","30432.76"
"POÁ","SP","POÁ / SP","0.44","11480","26032","2","1","0.771","36511.34"
"POMPÉIA","SP","POMPÉIA / SP","0.22","1645","7522","5","5","0.786","38105.48"
"PONTAL","SP","PONTAL / SP","0.2","1811","9113","5","5","0.725","25478.32"
"PORTO FELIZ","SP","PORTO FELIZ / SP","0.28","4290","15213","5","3","0.758","36690.02"
"PORTO FERREIRA","SP","PORTO FERREIRA / SP","0.3","4661","15391","4","3","0.751","35629.57"
"PRADÓPOLIS","SP","PRADÓPOLIS / SP","0.18","1287","7194","5","5","0.733","40953.77"
"PRAIA GRANDE","SP","PRAIA GRANDE / SP","0.46","22707","49203","1","1","0.754","21574.50"
"PRESIDENTE EPITÁCIO","SP","PRESIDENTE EPITÁCIO / SP","0.48","2621","5461","1","4","0.75","19432.67"
"PRESIDENTE PRUDENTE","SP","PRESIDENTE PRUDENTE / SP","0.41","26620","64926","2","1","0.806","34655.21"
"PRESIDENTE VENCESLAU","SP","PRESIDENTE VENCESLAU / SP","0.43","2157","5036","2","5","0.763","18255.45"
"PROMISSÃO","SP","PROMISSÃO / SP","0.24","2061","8722","5","5","0.743","46224.65"
"RANCHARIA","SP","RANCHARIA / SP","0.32","2186","6884","4","5","0.751","44388.59"
"REGISTRO","SP","REGISTRO / SP","0.42","5696","13507","2","2","0.754","34572.53"
"RIBEIRÃO PIRES","SP","RIBEIRÃO PIRES / SP","0.35","7422","21115","3","2","0.784","25002.17"
"RIBEIRÃO PRETO","SP","RIBEIRÃO PRETO / SP","0.42","96921","229990","2","1","0.8","51759.84"
"RIO CLARO","SP","RIO CLARO / SP","0.28","17597","61764","5","1","0.683","19285.26"
"RIO DAS PEDRAS","SP","RIO DAS PEDRAS / SP","0.19","1709","8883","5","5","0.759","35189.43"
"SALTO","SP","SALTO / SP","0.3","9344","31045","4","2","0.78","59118.20"
"SALTO DE PIRAPORA","SP","SALTO DE PIRAPORA / SP","0.29","1866","6328","4","5","0.729","36783.17"
"SANTA CRUZ DAS PALMEIRAS","SP","SANTA CRUZ DAS PALMEIRAS / SP","0.39","2148","5547","2","5","0.728","15002.54"
"SANTA CRUZ DO RIO PARDO","SP","SANTA CRUZ DO RIO PARDO / SP","0.28","4007","14339","5","3","0.762","43319.09"
"SANTA FÉ DO SUL","SP","SANTA FÉ DO SUL / SP","0.38","3390","8824","3","3","0.784","31876.28"
"SANTA GERTRUDES","SP","SANTA GERTRUDES / SP","0.27","2109","7858","5","5","0.737","61314.55"
"SANTA ISABEL","SP","SANTA ISABEL / SP","0.36","3695","10345","3","3","0.738","24165.96"
"SANTA RITA DO PASSA QUATRO","SP","SANTA RITA DO PASSA QUATRO / SP","0.44","2785","6259","2","4","0.775","23239.54"
"SANTANA DE PARNAÍBA","SP","SANTANA DE PARNAÍBA / SP","0.3","16281","54375","4","1","0.814","65083.16"
"SANTO ANDRÉ","SP","SANTO ANDRÉ / SP","0.4","82972","205401","2","1","0.6","9591.63"
"SANTO ANTÔNIO DE POSSE","SP","SANTO ANTÔNIO DE POSSE / SP","0.24","1800","7375","5","5","0.702","45783.30"
"SANTOS","SP","SANTOS / SP","0.41","73757","177763","2","1","0.84","51829.99"
"SÃO BERNARDO DO CAMPO","SP","SÃO BERNARDO DO CAMPO / SP","0.34","85028","247315","3","1","0.805","53998.54"
"SÃO CAETANO DO SUL","SP","SÃO CAETANO DO SUL / SP","0.37","39268","105630","3","1","0.862","82119.69"
"SÃO CARLOS","SP","SÃO CARLOS / SP","0.38","27888","73896","3","1","0.805","42568.73"
"SÃO JOÃO DA BOA VISTA","SP","SÃO JOÃO DA BOA VISTA / SP","0.35","8665","24575","3","2","0.797","32449.24"
"SÃO JOAQUIM DA BARRA","SP","SÃO JOAQUIM DA BARRA / SP","0.28","3391","11986","5","3","0.762","30118.29"
"SÃO JOSÉ DO RIO PARDO","SP","SÃO JOSÉ DO RIO PARDO / SP","0.34","4899","14380","3","3","0.774","31557.36"
"SÃO JOSÉ DO RIO PRETO","SP","SÃO JOSÉ DO RIO PRETO / SP","0.43","59352","138557","2","1","0.797","36599.83"
"SÃO JOSÉ DOS CAMPOS","SP","SÃO JOSÉ DOS CAMPOS / SP","0.38","69257","183159","3","1","0.807","56638.69"
"SÃO LOURENÇO DA SERRA","SP","SÃO LOURENÇO DA SERRA / SP","0.18","1349","7362","5","5","0.728","13369.02"
"SÃO MANUEL","SP","SÃO MANUEL / SP","0.33","2568","7773","4","4","0.744","27148.20"
"SÃO PAULO","SP","SÃO PAULO / SP","0.43","2059128","4807737","2","1","0.805","57759.39"
"SÃO PEDRO","SP","SÃO PEDRO / SP","0.4","2519","6332","2","4","0.589","9607.69"
"SÃO ROQUE","SP","SÃO ROQUE / SP","0.38","7985","20802","3","2","0.768","30797.77"
"SÃO SEBASTIÃO","SP","SÃO SEBASTIÃO / SP","0.4","7830","19429","2","2","0.549","11064.69"
"SÃO VICENTE","SP","SÃO VICENTE / SP","0.51","17552","34135","1","1","0.642","9730.48"
"SERRA NEGRA","SP","SERRA NEGRA / SP","0.47","2953","6336","1","4","0.767","25080.39"
"SERRANA","SP","SERRANA / SP","0.29","1919","6550","4","5","0.729","21491.54"
"SERTÃOZINHO","SP","SERTÃOZINHO / SP","0.26","10631","40188","5","2","0.621","9127.94"
"SOCORRO","SP","SOCORRO / SP","0.39","3088","7874","2","4","0.729","20460.78"
"SOROCABA","SP","SOROCABA / SP","0.31","60921","193658","4","1","0.798","48271.34"
"SUMARÉ","SP","SUMARÉ / SP","0.3","17053","56940","4","1","0.762","50345.14"
"SUZANO","SP","SUZANO / SP","0.37","21358","57574","3","1","0.765","37009.04"
"TABOÃO DA SERRA","SP","TABOÃO DA SERRA / SP","0.39","24517","63115","2","1","0.769","31626.65"
"TAMBAÚ","SP","TAMBAÚ / SP","0.24","1323","5414","5","5","0.731","22974.12"
"TANABI","SP","TANABI / SP","0.3","1609","5313","4","5","0.748","36483.91"
"TAQUARITINGA","SP","TAQUARITINGA / SP","0.35","3809","11019","3","3","0.748","25795.88"
"TARUMÃ","SP","TARUMÃ / SP","0.22","1183","5363","5","5","0.753","61201.45"
"TATUÍ","SP","TATUÍ / SP","0.33","9604","28684","4","2","0.752","32295.15"
"TAUBATÉ","SP","TAUBATÉ / SP","0.36","28447","79808","3","1","0.8","54552.88"
"TIETÊ","SP","TIETÊ / SP","0.27","3739","13811","5","3","0.778","42411.28"
"TUPÃ","SP","TUPÃ / SP","0.42","6881","16416","2","2","0.771","26771.08"
"UBATUBA","SP","UBATUBA / SP","0.49","9162","18562","1","2","0.751","22247.70"
"VALINHOS","SP","VALINHOS / SP","0.33","15488","46582","4","1","0.819","46237.02"
"VALPARAÍSO","SP","VALPARAÍSO / SP","0.25","1344","5320","5","5","0.725","38621.02"
"VARGEM GRANDE DO SUL","SP","VARGEM GRANDE DO SUL / SP","0.34","2409","7184","3","4","0.737","22348.98"
"VARGEM GRANDE PAULISTA","SP","VARGEM GRANDE PAULISTA / SP","0.28","3158","11381","5","4","0.77","35857.88"
"VÁRZEA PAULISTA","SP","VÁRZEA PAULISTA / SP","0.31","5144","16614","4","3","0.759","22356.93"
"VINHEDO","SP","VINHEDO / SP","0.25","8939","35159","5","2","0.817","116199.28"
"VOTORANTIM","SP","VOTORANTIM / SP","0.38","7051","18468","3","2","0.767","25036.13"
"VOTUPORANGA","SP","VOTUPORANGA / SP","0.39","11093","28701","2","2","0.79","30269.67"
"CRUZEIRO DO SUL","AC","CRUZEIRO DO SUL / AC","0.52","4375","8376","1","3","0.664","15585.70"
"RIO BRANCO","AC","RIO BRANCO / AC","0.53","48167","90430","1","1","0.727","21258.68"
"ARAPIRACA","AL","ARAPIRACA / AL","0.47","17513","37421","1","1","0.649","17511.69"
"ATALAIA","AL","ATALAIA / AL","0.33","1687","5065","4","5","0.561","16036.19"
"CORURIPE","AL","CORURIPE / AL","0.18","2006","11338","5","5","0.626","23971.06"
"MACEIÓ","AL","MACEIÓ / AL","0.45","101915","226621","1","1","0.721","21210.09"
"MARECHAL DEODORO","AL","MARECHAL DEODORO / AL","0.28","2796","9854","5","4","0.642","36362.94"
"PALMEIRA DOS ÍNDIOS","AL","PALMEIRA DOS ÍNDIOS / AL","0.61","4849","7904","1","3","0.638","10492.27"
"PENEDO","AL","PENEDO / AL","0.5","3318","6618","1","3","0.63","13928.39"
"RIO LARGO","AL","RIO LARGO / AL","0.24","3504","14608","5","3","0.643","13424.77"
"SÃO JOSÉ DA LAJE","AL","SÃO JOSÉ DA LAJE / AL","0.12","710","6154","5","5","0.573","12458.86"
"SÃO LUÍS DO QUITUNDE","AL","SÃO LUÍS DO QUITUNDE / AL","0.16","1280","8103","5","5","0.536","11921.84"
"SÃO MIGUEL DOS CAMPOS","AL","SÃO MIGUEL DOS CAMPOS / AL","0.22","2349","10656","5","4","0.623","15837.43"
"COARI","AM","COARI / AM","0.63","4901","7801","1","3","0.586","15580.35"
"ITACOATIARA","AM","ITACOATIARA / AM","0.49","4477","9126","1","3","0.644","19817.09"
"MANACAPURU","AM","MANACAPURU / AM","0.49","2850","5779","1","4","0.614","15811.37"
"MANAUS","AM","MANAUS / AM","0.42","195440","467229","2","1","0.737","34362.71"
"PARINTINS","AM","PARINTINS / AM","0.57","3378","5891","1","3","0.658","9593.89"
"PRESIDENTE FIGUEIREDO","AM","PRESIDENTE FIGUEIREDO / AM","0.3","1713","5682","4","5","0.647","12865.72"
"MACAPÁ","AP","MACAPÁ / AP","0.58","61890","105823","1","1","0.733","21054.88"
"SANTANA","AP","SANTANA / AP","0.5","5008","10114","1","3","0.692","16539.73"
"ALAGOINHAS","BA","ALAGOINHAS / BA","0.39","9966","25510","2","2","0.683","22500.08"
"BARREIRAS","BA","BARREIRAS / BA","0.4","11754","29432","2","1","0.721","24676.48"
"BOM JESUS DA LAPA","BA","BOM JESUS DA LAPA / BA","0.46","3407","7451","1","3","0.633","14080.19"
"BRUMADO","BA","BRUMADO / BA","0.32","4266","13407","4","3","0.656","24394.00"
"CAMAÇARI","BA","CAMAÇARI / BA","0.26","19149","73395","5","1","0.694","77816.68"
"CANDEIAS","BA","CANDEIAS / BA","0.36","4826","13443","3","3","0.691","43135.87"
"CASA NOVA","BA","CASA NOVA / BA","0.37","2987","8137","3","4","0.57","9099.74"
"CATU","BA","CATU / BA","0.35","2552","7265","3","4","0.677","9468.18"
"CONCEIÇÃO DO COITÉ","BA","CONCEIÇÃO DO COITÉ / BA","0.43","2322","5433","2","4","0.611","11011.29"
"CONCEIÇÃO DO JACUÍPE","BA","CONCEIÇÃO DO JACUÍPE / BA","0.29","2014","7009","4","5","0.663","67936.57"
"CORRENTINA","BA","CORRENTINA / BA","0.36","1937","5323","3","5","0.603","37915.24"
"CRUZ DAS ALMAS","BA","CRUZ DAS ALMAS / BA","0.5","5559","11155","1","2","0.699","14392.44"
"EUNÁPOLIS","BA","EUNÁPOLIS / BA","0.37","7780","21188","3","2","0.677","22798.63"
"FEIRA DE SANTANA","BA","FEIRA DE SANTANA / BA","0.42","49449","116476","2","1","0.712","21765.41"
"GUANAMBI","BA","GUANAMBI / BA","0.42","4768","11413","2","3","0.673","14558.12"
"ILHÉUS","BA","ILHÉUS / BA","0.49","15553","31965","1","1","0.69","21789.59"
"IPIRÁ","BA","IPIRÁ / BA","0.31","2014","6568","4","5","0.549","10343.82"
"IRECÊ","BA","IRECÊ / BA","0.49","5666","11524","1","2","0.691","14511.79"
"ITABERABA","BA","ITABERABA / BA","0.39","3472","8894","2","3","0.62","12990.37"
"ITABUNA","BA","ITABUNA / BA","0.51","20659","40865","1","1","0.712","18023.73"
"ITAMARAJU","BA","ITAMARAJU / BA","0.4","3019","7494","2","4","0.627","12961.47"
"ITAPETINGA","BA","ITAPETINGA / BA","0.27","3352","12519","5","3","0.667","13955.55"
"JACOBINA","BA","JACOBINA / BA","0.45","4946","10948","1","3","0.649","15180.12"
"JEQUIÉ","BA","JEQUIÉ / BA","0.42","9665","22870","2","2","0.665","15765.90"
"JUAZEIRO","BA","JUAZEIRO / BA","0.34","12381","36183","3","1","0.677","16687.70"
"LAURO DE FREITAS","BA","LAURO DE FREITAS / BA","0.36","39878","109958","3","1","0.754","31809.81"
"LUÍS EDUARDO MAGALHÃES","BA","LUÍS EDUARDO MAGALHÃES / BA","0.34","7345","21638","3","2","0.716","57502.42"
"MATA DE SÃO JOÃO","BA","MATA DE SÃO JOÃO / BA","0.43","6014","13991","2","2","0.668","22407.10"
"MUCURI","BA","MUCURI / BA","0.38","3073","8188","3","4","0.665","46974.21"
"NOVA VIÇOSA","BA","NOVA VIÇOSA / BA","0.32","1703","5241","4","5","0.654","10903.17"
"PAULO AFONSO","BA","PAULO AFONSO / BA","0.44","6178","14180","2","2","0.674","23924.05"
"POJUCA","BA","POJUCA / BA","0.33","2243","6879","4","4","0.666","21834.06"
"PORTO SEGURO","BA","PORTO SEGURO / BA","0.45","13045","28846","1","1","0.676","18888.98"
"SALVADOR","BA","SALVADOR / BA","0.5","364465","726355","1","1","0.759","21231.48"
"SANTO AMARO","BA","SANTO AMARO / BA","0.48","2488","5180","1","4","0.646","12646.76"
"SANTO ANTÔNIO DE JESUS","BA","SANTO ANTÔNIO DE JESUS / BA","0.43","9199","21385","2","2","0.7","20268.73"
"SANTO ESTÊVÃO","BA","SANTO ESTÊVÃO / BA","0.26","1804","7036","5","5","0.626","13478.82"
"SÃO DESIDÉRIO","BA","SÃO DESIDÉRIO / BA","0.25","2122","8489","5","5","0.579","69979.13"
"SÃO FRANCISCO DO CONDE","BA","SÃO FRANCISCO DO CONDE / BA","0.39","2880","7405","2","4","0.674","253895.58"
"SÃO GONÇALO DOS CAMPOS","BA","SÃO GONÇALO DOS CAMPOS / BA","0.19","1357","6980","5","5","0.627","22184.72"
"SENHOR DO BONFIM","BA","SENHOR DO BONFIM / BA","0.41","3329","8091","2","3","0.666","10017.35"
"SERRINHA","BA","SERRINHA / BA","0.45","3633","8016","1","3","0.592","8515.66"
"SIMÕES FILHO","BA","SIMÕES FILHO / BA","0.27","9123","33367","5","2","0.675","39118.47"
"TEIXEIRA DE FREITAS","BA","TEIXEIRA DE FREITAS / BA","0.42","10429","24951","2","2","0.685","14298.26"
"VALENÇA","BA","VALENÇA / BA","0.43","5034","11607","2","3","0.623","14534.73"
"VITÓRIA DA CONQUISTA","BA","VITÓRIA DA CONQUISTA / BA","0.46","32033","70366","1","1","0.678","18589.99"
"AQUIRAZ","CE","AQUIRAZ / CE","0.39","6598","16873","2","2","0.641","27870.84"
"ARACATI","CE","ARACATI / CE","0.38","3955","10306","3","3","0.655","17321.75"
"BARBALHA","CE","BARBALHA / CE","0.46","4634","9975","1","3","0.683","15488.08"
"BREJO SANTO","CE","BREJO SANTO / CE","0.51","2865","5575","1","4","0.647","12106.25"
"CAMOCIM","CE","CAMOCIM / CE","0.47","2420","5105","1","4","0.62","10535.09"
"CANINDÉ","CE","CANINDÉ / CE","0.44","2728","6254","2","4","0.612","9206.89"
"CASCAVEL","CE","CASCAVEL / CE","0.33","2532","7639","4","4","0.646","12605.08"
"CAUCAIA","CE","CAUCAIA / CE","0.42","14836","35436","2","1","0.682","16178.90"
"CRATEÚS","CE","CRATEÚS / CE","0.52","2984","5727","1","4","0.644","10013.53"
"CRATO","CE","CRATO / CE","0.44","7839","17653","2","2","0.713","11772.70"
"EUSÉBIO","CE","EUSÉBIO / CE","0.3","11441","37571","4","2","0.701","56121.51"
"FORTALEZA","CE","FORTALEZA / CE","0.46","302419","660306","1","1","0.754","23436.66"
"HORIZONTE","CE","HORIZONTE / CE","0.18","3176","17252","5","4","0.658","24220.46"
"IGUATU","CE","IGUATU / CE","0.44","5978","13615","2","2","0.677","14637.05"
"ITAPIPOCA","CE","ITAPIPOCA / CE","0.45","5442","12165","1","3","0.64","12239.16"
"JUAZEIRO DO NORTE","CE","JUAZEIRO DO NORTE / CE","0.51","25194","49400","1","1","0.694","16375.01"
"LIMOEIRO DO NORTE","CE","LIMOEIRO DO NORTE / CE","0.37","2607","7053","3","4","0.682","15562.57"
"MARACANAÚ","CE","MARACANAÚ / CE","0.3","17085","56655","4","1","0.686","37977.92"
"MARANGUAPE","CE","MARANGUAPE / CE","0.49","7416","15159","1","2","0.659","10814.52"
"MORADA NOVA","CE","MORADA NOVA / CE","0.38","2577","6783","3","4","0.61","13684.72"
"PACAJUS","CE","PACAJUS / CE","0.39","3137","8130","2","4","0.659","15007.81"
"PACATUBA","CE","PACATUBA / CE","0.38","2508","6540","3","4","0.675","12504.37"
"QUIXADÁ","CE","QUIXADÁ / CE","0.49","3700","7529","1","3","0.659","10822.44"
"QUIXERAMOBIM","CE","QUIXERAMOBIM / CE","0.34","3680","10902","3","3","0.642","13194.20"
"RUSSAS","CE","RUSSAS / CE","0.37","3875","10390","3","3","0.674","14767.19"
"SÃO GONÇALO DO AMARANTE","CE","SÃO GONÇALO DO AMARANTE / CE","0.25","3103","12308","5","4","0.665","63842.84"
"SOBRAL","CE","SOBRAL / CE","0.37","17524","47299","3","1","0.714","21679.33"
"TIANGUÁ","CE","TIANGUÁ / CE","0.53","4173","7858","1","3","0.657","16701.77"
"BRASÍLIA","DF","BRASÍLIA / DF","0.47","463152","983845","1","1","0.824","80502.47"
"ANCHIETA","ES","ANCHIETA / ES","0.37","2111","5705","3","5","0.73","28196.22"
"ARACRUZ","ES","ARACRUZ / ES","0.31","8562","27709","4","2","0.752","52900.73"
"BARRA DE SÃO FRANCISCO","ES","BARRA DE SÃO FRANCISCO / ES","0.37","2375","6377","3","4","0.683","17319.53"
"CACHOEIRO DE ITAPEMIRIM","ES","CACHOEIRO DE ITAPEMIRIM / ES","0.4","17036","42606","2","1","0.746","22522.28"
"CARIACICA","ES","CARIACICA / ES","0.4","21421","53507","2","1","0.718","20584.24"
"CASTELO","ES","CASTELO / ES","0.35","2490","7099","3","4","0.726","22625.51"
"COLATINA","ES","COLATINA / ES","0.38","12285","32284","3","1","0.746","26863.05"
"DOMINGOS MARTINS","ES","DOMINGOS MARTINS / ES","0.37","2140","5766","3","5","0.669","20247.62"
"GUARAPARI","ES","GUARAPARI / ES","0.49","9963","20524","1","2","0.731","17544.28"
"ITAPEMIRIM","ES","ITAPEMIRIM / ES","0.43","2179","5115","2","5","0.654","90330.08"
"LINHARES","ES","LINHARES / ES","0.32","13874","43012","4","1","0.724","32417.46"
"MARATAÍZES","ES","MARATAÍZES / ES","0.49","2649","5355","1","4","0.696","41684.11"
"NOVA VENÉCIA","ES","NOVA VENÉCIA / ES","0.38","3259","8554","3","3","0.712","18226.34"
"SANTA MARIA DE JETIBÁ","ES","SANTA MARIA DE JETIBÁ / ES","0.41","3146","7761","2","4","0.671","34232.97"
"SÃO GABRIEL DA PALHA","ES","SÃO GABRIEL DA PALHA / ES","0.32","2169","6726","4","5","0.709","15227.17"
"SÃO MATEUS","ES","SÃO MATEUS / ES","0.37","7534","20440","3","2","0.735","16451.41"
"SERRA","ES","SERRA / ES","0.33","40495","123838","4","1","0.739","36884.26"
"VENDA NOVA DO IMIGRANTE","ES","VENDA NOVA DO IMIGRANTE / ES","0.36","2117","5816","3","5","0.728","23548.80"
"VIANA","ES","VIANA / ES","0.33","4805","14743","4","3","0.618","7910.74"
"VILA VELHA","ES","VILA VELHA / ES","0.42","40602","96687","2","1","0.8","22605.19"
"VITÓRIA","ES","VITÓRIA / ES","0.5","100564","202089","1","1","0.845","55779.18"
"ÁGUAS LINDAS DE GOIÁS","GO","ÁGUAS LINDAS DE GOIÁS / GO","0.53","4655","8794","1","3","0.686","9108.33"
"ALEXÂNIA","GO","ALEXÂNIA / GO","0.4","2104","5312","2","5","0.682","29187.12"
"ANÁPOLIS","GO","ANÁPOLIS / GO","0.35","33047","94568","3","1","0.737","37863.85"
"APARECIDA DE GOIÂNIA","GO","APARECIDA DE GOIÂNIA / GO","0.33","34946","107515","4","1","0.718","23765.14"
"BELA VISTA DE GOIÁS","GO","BELA VISTA DE GOIÁS / GO","0.29","1521","5268","4","5","0.716","33476.26"
"CALDAS NOVAS","GO","CALDAS NOVAS / GO","0.43","9632","22292","2","2","0.733","27523.26"
"CATALÃO","GO","CATALÃO / GO","0.33","8366","25101","4","2","0.766","60853.88"
"CERES","GO","CERES / GO","0.42","2301","5452","2","4","0.775","23981.17"
"CRISTALINA","GO","CRISTALINA / GO","0.24","3045","12830","5","4","0.699","41443.33"
"FORMOSA","GO","FORMOSA / GO","0.4","6611","16408","2","2","0.744","19918.60"
"GOIANÉSIA","GO","GOIANÉSIA / GO","0.28","3910","14103","5","3","0.727","19655.61"
"GOIÂNIA","GO","GOIÂNIA / GO","0.5","279856","563060","1","1","0.799","33437.67"
"GOIANIRA","GO","GOIANIRA / GO","0.34","1810","5258","3","5","0.694","21717.10"
"GOIATUBA","GO","GOIATUBA / GO","0.26","2421","9252","5","4","0.725","44854.75"
"INHUMAS","GO","INHUMAS / GO","0.37","3864","10469","3","3","0.72","21385.65"
"ITABERAÍ","GO","ITABERAÍ / GO","0.23","1964","8689","5","5","0.719","30922.05"
"ITUMBIARA","GO","ITUMBIARA / GO","0.37","10547","28358","3","2","0.752","40430.00"
"JARAGUÁ","GO","JARAGUÁ / GO","0.43","2364","5513","2","4","0.699","14330.91"
"JATAÍ","GO","JATAÍ / GO","0.41","8884","21895","2","2","0.757","45964.21"
"LUZIÂNIA","GO","LUZIÂNIA / GO","0.42","9434","22291","2","2","0.701","16989.45"
"MINEIROS","GO","MINEIROS / GO","0.36","5784","16087","3","2","0.718","38452.56"
"MORRINHOS","GO","MORRINHOS / GO","0.3","3037","10106","4","4","0.588","6655.15"
"NERÓPOLIS","GO","NERÓPOLIS / GO","0.3","1926","6366","4","5","0.721","26000.07"
"NIQUELÂNDIA","GO","NIQUELÂNDIA / GO","0.34","1840","5450","3","5","0.715","21803.69"
"NOVO GAMA","GO","NOVO GAMA / GO","0.57","2882","5076","1","4","0.684","8377.21"
"PALMEIRAS DE GOIÁS","GO","PALMEIRAS DE GOIÁS / GO","0.25","1720","6942","5","5","0.698","35351.07"
"PIRES DO RIO","GO","PIRES DO RIO / GO","0.31","2158","7061","4","5","0.744","28693.39"
"PLANALTINA","GO","PLANALTINA / GO","0.53","3607","6751","1","3","0.669","11448.85"
"PORANGATU","GO","PORANGATU / GO","0.38","2449","6513","3","4","0.727","20344.43"
"QUIRINÓPOLIS","GO","QUIRINÓPOLIS / GO","0.27","3057","11441","5","4","0.74","34503.39"
"RIO VERDE","GO","RIO VERDE / GO","0.37","21749","58490","3","1","0.754","43761.24"
"SANTA HELENA DE GOIÁS","GO","SANTA HELENA DE GOIÁS / GO","0.4","2708","6692","2","4","0.724","26559.97"
"SANTO ANTÔNIO DO DESCOBERTO","GO","SANTO ANTÔNIO DO DESCOBERTO / GO","0.56","3173","5688","1","4","0.665","9088.44"
"SÃO LUÍS DE MONTES BELOS","GO","SÃO LUÍS DE MONTES BELOS / GO","0.51","3173","6264","1","4","0.731","25078.30"
"SENADOR CANEDO","GO","SENADOR CANEDO / GO","0.32","5691","17591","4","2","0.701","32066.95"
"TRINDADE","GO","TRINDADE / GO","0.27","4079","15222","5","3","0.595","9346.10"
"URUAÇU","GO","URUAÇU / GO","0.39","2244","5789","2","4","0.737","20083.58"
"VALPARAÍSO DE GOIÁS","GO","VALPARAÍSO DE GOIÁS / GO","0.55","8600","15684","1","2","0.746","15626.97"
"AÇAILÂNDIA","MA","AÇAILÂNDIA / MA","0.4","6197","15672","2","2","0.672","19780.01"
"BACABAL","MA","BACABAL / MA","0.52","4584","8817","1","3","0.651","11010.12"
"BALSAS","MA","BALSAS / MA","0.43","7995","18406","2","2","0.687","32142.28"
"CAXIAS","MA","CAXIAS / MA","0.56","6186","10956","1","2","0.624","10538.06"
"CODÓ","MA","CODÓ / MA","0.59","5142","8784","1","3","0.595","7924.31"
"GRAJAÚ","MA","GRAJAÚ / MA","0.42","2797","6717","2","4","0.609","9705.29"
"IMPERATRIZ","MA","IMPERATRIZ / MA","0.45","25203","55991","1","1","0.731","25924.47"
"PAÇO DO LUMIAR","MA","PAÇO DO LUMIAR / MA","0.51","3711","7276","1","3","0.724","7101.58"
"SANTA INÊS","MA","SANTA INÊS / MA","0.54","5547","10192","1","3","0.674","13920.89"
"SÃO JOSÉ DE RIBAMAR","MA","SÃO JOSÉ DE RIBAMAR / MA","0.44","7418","16910","2","2","0.708","11315.20"
"SÃO LUÍS","MA","SÃO LUÍS / MA","0.51","144268","280928","1","1","0.768","27226.41"
"TIMON","MA","TIMON / MA","0.5","6258","12638","1","2","0.649","10754.47"
"ALÉM PARAÍBA","MG","ALÉM PARAÍBA / MG","0.45","2397","5314","1","4","0.726","25711.91"
"ALFENAS","MG","ALFENAS / MG","0.41","8451","20750","2","2","0.761","33422.98"
"ALMENARA","MG","ALMENARA / MG","0.46","2409","5212","1","4","0.642","11873.07"
"ANDRADAS","MG","ANDRADAS / MG","0.27","2859","10734","5","4","0.734","21438.65"
"ARAGUARI","MG","ARAGUARI / MG","0.37","8513","23241","3","2","0.773","34840.91"
"ARAXÁ","MG","ARAXÁ / MG","0.39","10859","27943","2","2","0.772","49299.60"
"ARCOS","MG","ARCOS / MG","0.33","3875","11757","4","3","0.749","30888.35"
"BARBACENA","MG","BARBACENA / MG","0.44","11651","26339","2","1","0.769","19631.86"
"BELO HORIZONTE","MG","BELO HORIZONTE / MG","0.43","449205","1045232","2","1","0.81","35245.02"
"BELO ORIENTE","MG","BELO ORIENTE / MG","0.23","1690","7232","5","5","0.686","78971.91"
"BETIM","MG","BETIM / MG","0.3","31565","104230","4","1","0.749","54052.13"
"BOA ESPERANÇA","MG","BOA ESPERANÇA / MG","0.39","2793","7157","2","4","0.704","20555.41"
"BOCAIÚVA","MG","BOCAIÚVA / MG","0.35","2653","7619","3","4","0.7","15891.30"
"BOM DESPACHO","MG","BOM DESPACHO / MG","0.38","4274","11131","3","3","0.75","24209.87"
"BRUMADINHO","MG","BRUMADINHO / MG","0.31","2958","9427","4","4","0.747","51164.41"
"CAETÉ","MG","CAETÉ / MG","0.4","2027","5032","2","5","0.728","13021.84"
"CAMANDUCAIA","MG","CAMANDUCAIA / MG","0.34","1809","5253","3","5","0.689","27469.15"
"CAMBUÍ","MG","CAMBUÍ / MG","0.32","2161","6705","4","5","0.751","46222.69"
"CAMPO BELO","MG","CAMPO BELO / MG","0.35","3527","10143","3","3","0.711","18066.57"
"CAPELINHA","MG","CAPELINHA / MG","0.34","2002","5856","3","5","0.653","16000.48"
"CARANGOLA","MG","CARANGOLA / MG","0.51","2615","5171","1","4","0.695","15391.25"
"CARATINGA","MG","CARATINGA / MG","0.42","7243","17160","2","2","0.706","17516.07"
"CARMO DO PARANAÍBA","MG","CARMO DO PARANAÍBA / MG","0.42","2288","5386","2","4","0.705","23893.60"
"CATAGUASES","MG","CATAGUASES / MG","0.38","5944","15586","3","2","0.751","21059.58"
"CLÁUDIO","MG","CLÁUDIO / MG","0.22","1934","8654","5","5","0.709","23207.76"
"CONCEIÇÃO DAS ALAGOAS","MG","CONCEIÇÃO DAS ALAGOAS / MG","0.26","1333","5031","5","5","0.712","31472.94"
"CONCEIÇÃO DO MATO DENTRO","MG","CONCEIÇÃO DO MATO DENTRO / MG","0.26","1521","5900","5","5","0.634","44742.28"
"CONFINS","MG","CONFINS / MG","0.44","2759","6220","2","4","0.747","160153.00"
"CONGONHAS","MG","CONGONHAS / MG","0.28","4723","16903","5","3","0.753","30573.59"
"CONSELHEIRO LAFAIETE","MG","CONSELHEIRO LAFAIETE / MG","0.49","10131","20525","1","2","0.761","16691.48"
"CONTAGEM","MG","CONTAGEM / MG","0.31","57857","186227","4","1","0.756","44015.99"
"COROMANDEL","MG","COROMANDEL / MG","0.32","1778","5589","4","5","0.708","31050.36"
"CORONEL FABRICIANO","MG","CORONEL FABRICIANO / MG","0.46","6921","14887","1","2","0.755","14942.92"
"CURVELO","MG","CURVELO / MG","0.34","5677","16555","3","2","0.713","18534.68"
"DIAMANTINA","MG","DIAMANTINA / MG","0.44","3987","9024","2","3","0.716","15046.26"
"DIVINÓPOLIS","MG","DIVINÓPOLIS / MG","0.4","22780","56685","2","1","0.764","25695.97"
"ELÓI MENDES","MG","ELÓI MENDES / MG","0.32","1662","5206","4","5","0.685","21398.13"
"ESMERALDAS","MG","ESMERALDAS / MG","0.46","2897","6359","1","4","0.671","9796.15"
"EXTREMA","MG","EXTREMA / MG","0.18","3875","22124","5","3","0.732","219239.07"
"FORMIGA","MG","FORMIGA / MG","0.39","7086","18050","2","2","0.755","23677.51"
"FRUTAL","MG","FRUTAL / MG","0.35","4293","12140","3","3","0.73","31348.02"
"GOVERNADOR VALADARES","MG","GOVERNADOR VALADARES / MG","0.44","24016","54254","2","1","0.727","20957.24"
"GUANHÃES","MG","GUANHÃES / MG","0.34","2118","6307","3","5","0.686","18134.31"
"GUAXUPÉ","MG","GUAXUPÉ / MG","0.35","4654","13341","3","3","0.751","36602.28"
"IBIRITÉ","MG","IBIRITÉ / MG","0.37","6045","16328","3","2","0.704","12227.37"
"IGARAPÉ","MG","IGARAPÉ / MG","0.41","2342","5779","2","4","0.698","15758.76"
"IPATINGA","MG","IPATINGA / MG","0.36","24400","67323","3","1","0.771","36993.39"
"ITABIRA","MG","ITABIRA / MG","0.39","10314","26365","2","2","0.756","43763.91"
"ITABIRITO","MG","ITABIRITO / MG","0.33","4728","14370","4","3","0.73","77497.33"
"ITAJUBÁ","MG","ITAJUBÁ / MG","0.37","8672","23562","3","2","0.787","31039.44"
"ITAÚNA","MG","ITAÚNA / MG","0.31","8065","25647","4","2","0.758","32675.28"
"ITUIUTABA","MG","ITUIUTABA / MG","0.41","8197","20115","2","2","0.739","27698.62"
"ITURAMA","MG","ITURAMA / MG","0.35","3486","9845","3","3","0.747","44831.13"
"JACUTINGA","MG","JACUTINGA / MG","0.25","1687","6663","5","5","0.715","24900.00"
"JAÍBA","MG","JAÍBA / MG","0.2","1313","6501","5","5","0.638","14639.28"
"JANAÚBA","MG","JANAÚBA / MG","0.4","4428","10984","2","3","0.696","15304.43"
"JANUÁRIA","MG","JANUÁRIA / MG","0.47","2424","5132","1","4","0.658","9860.09"
"JOÃO MONLEVADE","MG","JOÃO MONLEVADE / MG","0.33","6103","18371","4","2","0.758","32537.18"
"JOÃO PINHEIRO","MG","JOÃO PINHEIRO / MG","0.25","3241","13112","5","3","0.697","29986.86"
"JUATUBA","MG","JUATUBA / MG","0.33","2095","6393","4","5","0.717","46449.90"
"JUIZ DE FORA","MG","JUIZ DE FORA / MG","0.46","65630","143695","1","1","0.778","28355.07"
"LAGOA DA PRATA","MG","LAGOA DA PRATA / MG","0.32","3845","11928","4","3","0.732","31853.71"
"LAGOA SANTA","MG","LAGOA SANTA / MG","0.41","5329","13088","2","3","0.777","26899.69"
"LAVRAS","MG","LAVRAS / MG","0.4","10332","25836","2","2","0.782","24341.66"
"LEOPOLDINA","MG","LEOPOLDINA / MG","0.37","3842","10500","3","3","0.726","19468.36"
"MACHADO","MG","MACHADO / MG","0.29","2654","9056","4","4","0.715","22958.55"
"MANHUAÇU","MG","MANHUAÇU / MG","0.37","7941","21678","3","2","0.689","26924.92"
"MARIANA","MG","MARIANA / MG","0.35","4965","14170","3","3","0.742","48407.28"
"MATEUS LEME","MG","MATEUS LEME / MG","0.28","1703","5976","5","5","0.704","22568.25"
"MATOZINHOS","MG","MATOZINHOS / MG","0.25","2588","10343","5","4","0.731","26866.90"
"MONTE CARMELO","MG","MONTE CARMELO / MG","0.32","2951","9339","4","4","0.728","22628.06"
"MONTES CLAROS","MG","MONTES CLAROS / MG","0.46","39540","85466","1","1","0.77","22302.13"
"MURIAÉ","MG","MURIAÉ / MG","0.44","10296","23429","2","2","0.734","19349.51"
"NANUQUE","MG","NANUQUE / MG","0.41","2265","5554","2","4","0.701","15408.80"
"NOVA LIMA","MG","NOVA LIMA / MG","0.31","14543","47495","4","1","0.813","98855.84"
"NOVA SERRANA","MG","NOVA SERRANA / MG","0.22","5542","25530","5","3","0.715","27488.47"
"OLIVEIRA","MG","OLIVEIRA / MG","0.36","3232","9070","3","4","0.699","20235.39"
"OURO BRANCO","MG","OURO BRANCO / MG","0.27","3148","11500","5","4","0.645","9667.78"
"OURO FINO","MG","OURO FINO / MG","0.32","1897","5845","4","5","0.722","19507.16"
"OURO PRETO","MG","OURO PRETO / MG","0.38","6510","16929","3","2","0.741","62208.49"
"PARÁ DE MINAS","MG","PARÁ DE MINAS / MG","0.38","10227","26993","3","2","0.725","29595.63"
"PARACATU","MG","PARACATU / MG","0.3","6974","23286","4","2","0.744","38000.86"
"PARAOPEBA","MG","PARAOPEBA / MG","0.45","3220","7232","1","4","0.694","23143.51"
"PASSOS","MG","PASSOS / MG","0.41","9938","24295","2","2","0.756","20861.28"
"PATOS DE MINAS","MG","PATOS DE MINAS / MG","0.37","15790","42117","3","1","0.765","29020.34"
"PATROCÍNIO","MG","PATROCÍNIO / MG","0.36","7946","21814","3","2","0.729","30089.34"
"PEDRO LEOPOLDO","MG","PEDRO LEOPOLDO / MG","0.32","4606","14393","4","3","0.757","22513.16"
"PIRAPORA","MG","PIRAPORA / MG","0.34","4679","13816","3","3","0.731","32391.70"
"PIUMHI","MG","PIUMHI / MG","0.42","3283","7730","2","3","0.737","25102.94"
"POÇOS DE CALDAS","MG","POÇOS DE CALDAS / MG","0.38","18710","49122","3","1","0.779","38329.41"
"POMPÉU","MG","POMPÉU / MG","0.34","1841","5397","3","5","0.689","23318.66"
"PONTE NOVA","MG","PONTE NOVA / MG","0.38","6079","16054","3","2","0.717","27330.95"
"POUSO ALEGRE","MG","POUSO ALEGRE / MG","0.38","18237","47947","3","1","0.774","50211.91"
"PRATA","MG","PRATA / MG","0.27","1751","6400","5","5","0.608","11771.33"
"RIBEIRÃO DAS NEVES","MG","RIBEIRÃO DAS NEVES / MG","0.45","11464","25665","1","2","0.684","11723.14"
"RIO PARANAÍBA","MG","RIO PARANAÍBA / MG","0.15","875","5909","5","5","0.709","40105.28"
"SABARÁ","MG","SABARÁ / MG","0.34","5952","17542","3","2","0.731","18562.94"
"SACRAMENTO","MG","SACRAMENTO / MG","0.3","1895","6393","4","5","0.732","59030.98"
"SALINAS","MG","SALINAS / MG","0.42","2167","5192","2","5","0.679","13285.63"
"SANTA BÁRBARA","MG","SANTA BÁRBARA / MG","0.38","2070","5413","3","5","0.583","7770.41"
"SANTA LUZIA","MG","SANTA LUZIA / MG","0.37","9197","25075","3","2","0.55","7654.33"
"SANTA RITA DO SAPUCAÍ","MG","SANTA RITA DO SAPUCAÍ / MG","0.25","3014","12209","5","4","0.721","36846.90"
"SANTO ANTÔNIO DO MONTE","MG","SANTO ANTÔNIO DO MONTE / MG","0.34","1817","5275","3","5","0.724","18790.88"
"SANTOS DUMONT","MG","SANTOS DUMONT / MG","0.42","2710","6411","2","4","0.741","19047.48"
"SÃO GOTARDO","MG","SÃO GOTARDO / MG","0.33","2513","7667","4","4","0.736","21634.89"
"SÃO JOÃO DEL REI","MG","SÃO JOÃO DEL REI / MG","0.41","7661","18537","2","2","0.758","22530.37"
"SÃO JOÃO NEPOMUCENO","MG","SÃO JOÃO NEPOMUCENO / MG","0.29","1571","5491","4","5","0.708","15595.77"
"SÃO JOAQUIM DE BICAS","MG","SÃO JOAQUIM DE BICAS / MG","0.22","1336","5980","5","5","0.662","19984.58"
"SÃO LOURENÇO","MG","SÃO LOURENÇO / MG","0.5","5468","11003","1","3","0.759","21489.99"
"SÃO SEBASTIÃO DO PARAÍSO","MG","SÃO SEBASTIÃO DO PARAÍSO / MG","0.35","6113","17543","3","2","0.722","27468.44"
"SARZEDO","MG","SARZEDO / MG","0.25","1696","6711","5","5","0.734","28837.28"
"SETE LAGOAS","MG","SETE LAGOAS / MG","0.36","20142","55941","3","1","0.76","34977.38"
"TEÓFILO OTONI","MG","TEÓFILO OTONI / MG","0.46","11920","25876","1","1","0.701","16667.07"
"TIMÓTEO","MG","TIMÓTEO / MG","0.31","5038","16157","4","3","0.77","32349.07"
"TRÊS CORAÇÕES","MG","TRÊS CORAÇÕES / MG","0.33","5410","16167","4","3","0.744","28056.22"
"TRÊS MARIAS","MG","TRÊS MARIAS / MG","0.33","1693","5079","4","5","0.752","52625.97"
"TRÊS PONTAS","MG","TRÊS PONTAS / MG","0.31","3990","13076","4","3","0.731","21971.22"
"UBÁ","MG","UBÁ / MG","0.32","8416","26379","4","2","0.724","25255.54"
"UBERABA","MG","UBERABA / MG","0.39","33853","87888","2","1","0.772","40066.32"
"UBERLÂNDIA","MG","UBERLÂNDIA / MG","0.42","88172","209730","2","1","0.789","50548.78"
"UNAÍ","MG","UNAÍ / MG","0.38","6419","16867","3","2","0.736","31866.55"
"VARGINHA","MG","VARGINHA / MG","0.36","14544","40401","3","1","0.778","40506.11"
"VÁRZEA DA PALMA","MG","VÁRZEA DA PALMA / MG","0.32","1826","5674","4","5","0.666","17341.00"
"VESPASIANO","MG","VESPASIANO / MG","0.37","6270","16928","3","2","0.688","21216.30"
"VIÇOSA","MG","VIÇOSA / MG","0.46","9536","20792","1","2","0.592","9109.95"
"VISCONDE DO RIO BRANCO","MG","VISCONDE DO RIO BRANCO / MG","0.27","2920","10665","5","4","0.709","26962.77"
"AMAMBAI","MS","AMAMBAI / MS","0.41","2447","5898","2","4","0.673","23460.99"
"ANGÉLICA","MS","ANGÉLICA / MS","0.12","769","6168","5","5","0.697","68997.45"
"APARECIDA DO TABOADO","MS","APARECIDA DO TABOADO / MS","0.2","1482","7306","5","5","0.697","41324.86"
"AQUIDAUANA","MS","AQUIDAUANA / MS","0.37","2490","6685","3","4","0.688","19331.31"
"BATAGUASSU","MS","BATAGUASSU / MS","0.26","1536","5878","5","5","0.71","35368.22"
"BONITO","MS","BONITO / MS","0.41","2094","5095","2","5","0.546","8603.89"
"CAARAPÓ","MS","CAARAPÓ / MS","0.27","1769","6562","5","5","0.692","40401.05"
"CAMPO GRANDE","MS","CAMPO GRANDE / MS","0.42","99100","236769","2","1","0.524","8676.19"
"CHAPADÃO DO SUL","MS","CHAPADÃO DO SUL / MS","0.27","2241","8168","5","4","0.754","62084.66"
"CORUMBÁ","MS","CORUMBÁ / MS","0.49","8325","17000","1","2","0.7","26107.73"
"COSTA RICA","MS","COSTA RICA / MS","0.29","1706","5941","4","5","0.706","73513.20"
"COXIM","MS","COXIM / MS","0.44","2312","5263","2","4","0.703","25204.48"
"DOURADOS","MS","DOURADOS / MS","0.41","23334","57162","2","1","0.747","38187.03"
"MARACAJU","MS","MARACAJU / MS","0.29","2762","9641","4","4","0.736","53037.52"
"NAVIRAÍ","MS","NAVIRAÍ / MS","0.34","3803","11165","3","3","0.7","27838.29"
"NOVA ALVORADA DO SUL","MS","NOVA ALVORADA DO SUL / MS","0.22","1173","5276","5","5","0.694","69041.15"
"NOVA ANDRADINA","MS","NOVA ANDRADINA / MS","0.33","3838","11563","4","3","0.721","38154.19"
"PARANAÍBA","MS","PARANAÍBA / MS","0.34","3036","8924","3","4","0.721","28554.38"
"PONTA PORÃ","MS","PONTA PORÃ / MS","0.43","5758","13469","2","2","0.701","29484.92"
"RIO BRILHANTE","MS","RIO BRILHANTE / MS","0.23","2271","9949","5","4","0.715","57462.37"
"SÃO GABRIEL DO OESTE","MS","SÃO GABRIEL DO OESTE / MS","0.29","2451","8569","4","4","0.729","54543.27"
"SIDROLÂNDIA","MS","SIDROLÂNDIA / MS","0.28","2669","9634","5","4","0.686","29905.40"
"TRÊS LAGOAS","MS","TRÊS LAGOAS / MS","0.31","10670","34493","4","2","0.744","86244.15"
"ÁGUA BOA","MT","ÁGUA BOA / MT","0.34","1894","5566","3","5","0.576","8929.52"
"ALTA FLORESTA","MT","ALTA FLORESTA / MT","0.39","4537","11643","2","3","0.714","29714.34"
"BARRA DO BUGRES","MT","BARRA DO BUGRES / MT","0.28","1637","5896","5","5","0.693","38900.89"
"BARRA DO GARÇAS","MT","BARRA DO GARÇAS / MT","0.39","5603","14329","2","2","0.748","29744.71"
"CÁCERES","MT","CÁCERES / MT","0.48","6928","14291","1","2","0.708","19896.86"
"CAMPO NOVO DO PARECIS","MT","CAMPO NOVO DO PARECIS / MT","0.27","3472","13004","5","3","0.734","87440.88"
"CAMPO VERDE","MT","CAMPO VERDE / MT","0.33","3730","11146","4","3","0.75","60777.98"
"COLÍDER","MT","COLÍDER / MT","0.34","2099","6165","3","5","0.713","26319.79"
"CUIABÁ","MT","CUIABÁ / MT","0.5","117355","234464","1","1","0.785","39485.65"
"DIAMANTINO","MT","DIAMANTINO / MT","0.22","1581","7150","5","5","0.718","91907.10"
"JACIARA","MT","JACIARA / MT","0.28","1942","6984","5","5","0.735","35190.22"
"JUARA","MT","JUARA / MT","0.33","2247","6847","4","4","0.682","23251.67"
"JUÍNA","MT","JUÍNA / MT","0.37","3150","8541","3","4","0.716","25659.19"
"LUCAS DO RIO VERDE","MT","LUCAS DO RIO VERDE / MT","0.3","6925","23440","4","2","0.768","60473.87"
"NOVA MUTUM","MT","NOVA MUTUM / MT","0.34","4563","13523","3","3","0.758","65340.93"
"PARANATINGA","MT","PARANATINGA / MT","0.29","1505","5127","4","5","0.667","35616.58"
"PONTES E LACERDA","MT","PONTES E LACERDA / MT","0.33","3265","9917","4","3","0.703","27121.80"
"PRIMAVERA DO LESTE","MT","PRIMAVERA DO LESTE / MT","0.34","7136","21118","3","2","0.752","58867.42"
"RONDONÓPOLIS","MT","RONDONÓPOLIS / MT","0.33","19243","57951","4","1","0.755","43175.13"
"SAPEZAL","MT","SAPEZAL / MT","0.24","2714","11278","5","4","0.732","103551.68"
"SINOP","MT","SINOP / MT","0.36","14063","38619","3","1","0.754","41408.12"
"SORRISO","MT","SORRISO / MT","0.33","8295","24792","4","2","0.744","67251.95"
"TANGARÁ DA SERRA","MT","TANGARÁ DA SERRA / MT","0.35","8087","23128","3","2","0.729","30506.85"
"VÁRZEA GRANDE","MT","VÁRZEA GRANDE / MT","0.32","14998","46590","4","1","0.571","7148.74"
"ABAETETUBA","PA","ABAETETUBA / PA","0.54","5676","10481","1","2","0.628","8718.18"
"ALTAMIRA","PA","ALTAMIRA / PA","0.4","6473","16242","2","2","0.665","22439.90"
"ANANINDEUA","PA","ANANINDEUA / PA","0.45","29281","65309","1","1","0.718","13523.96"
"BARCARENA","PA","BARCARENA / PA","0.29","7833","27259","4","2","0.662","39732.60"
"BELÉM","PA","BELÉM / PA","0.5","184656","372437","1","1","0.746","20821.46"
"BENEVIDES","PA","BENEVIDES / PA","0.25","2480","9842","5","4","0.665","22854.31"
"BRAGANÇA","PA","BRAGANÇA / PA","0.47","3331","7115","1","3","0.6","8985.82"
"BREVES","PA","BREVES / PA","0.64","4682","7345","1","3","0.503","7440.60"
"CAMETÁ","PA","CAMETÁ / PA","0.68","4106","6045","1","3","0.577","8825.69"
"CANAÃ DOS CARAJÁS","PA","CANAÃ DOS CARAJÁS / PA","0.28","3237","11393","5","4","0.673","113457.46"
"CAPANEMA","PA","CAPANEMA / PA","0.45","3360","7409","1","3","0.655","14405.82"
"CASTANHAL","PA","CASTANHAL / PA","0.37","11652","31224","3","1","0.673","19242.51"
"ITAITUBA","PA","ITAITUBA / PA","0.41","4507","11023","2","3","0.64","17971.96"
"JURUTI","PA","JURUTI / PA","0.34","2257","6582","3","4","0.592","18567.55"
"MARABÁ","PA","MARABÁ / PA","0.39","18232","46490","2","1","0.668","31650.18"
"MARITUBA","PA","MARITUBA / PA","0.39","5423","13730","2","3","0.676","13984.01"
"MOJU","PA","MOJU / PA","0.28","2214","7769","5","4","0.547","11179.94"
"ORIXIMINÁ","PA","ORIXIMINÁ / PA","0.43","2661","6253","2","4","0.623","23921.23"
"PARAGOMINAS","PA","PARAGOMINAS / PA","0.34","6200","18159","3","2","0.645","26810.43"
"PARAUAPEBAS","PA","PARAUAPEBAS / PA","0.33","14065","42250","4","1","0.715","91086.52"
"REDENÇÃO","PA","REDENÇÃO / PA","0.44","5409","12391","2","3","0.672","20614.79"
"SANTARÉM","PA","SANTARÉM / PA","0.47","14895","31584","1","1","0.691","16318.44"
"SÃO FÉLIX DO XINGU","PA","SÃO FÉLIX DO XINGU / PA","0.61","3424","5621","1","3","0.594","11157.74"
"SÃO MIGUEL DO GUAMÁ","PA","SÃO MIGUEL DO GUAMÁ / PA","0.35","1854","5248","3","5","0.591","11646.31"
"TAILÂNDIA","PA","TAILÂNDIA / PA","0.29","3252","11341","4","3","0.588","8192.92"
"TOMÉ-AÇU","PA","TOMÉ-AÇU / PA","0.24","1586","6634","5","5","0.586","10360.83"
"TUCURUÍ","PA","TUCURUÍ / PA","0.5","5161","10322","1","3","0.666","58455.08"
"XINGUARA","PA","XINGUARA / PA","0.33","2736","8242","4","4","0.646","27962.38"
"BAYEUX","PB","BAYEUX / PB","0.43","3835","8927","2","3","0.649","13975.42"
"CABEDELO","PB","CABEDELO / PB","0.4","7173","17959","2","2","0.748","42556.16"
"CAJAZEIRAS","PB","CAJAZEIRAS / PB","0.49","3863","7856","1","3","0.679","17623.96"
"CAMPINA GRANDE","PB","CAMPINA GRANDE / PB","0.44","44270","100199","2","1","0.72","21077.30"
"GUARABIRA","PB","GUARABIRA / PB","0.37","3638","9714","3","3","0.673","16086.77"
"JOÃO PESSOA","PB","JOÃO PESSOA / PB","0.49","104836","216143","1","1","0.763","24319.82"
"MAMANGUAPE","PB","MAMANGUAPE / PB","0.35","2582","7416","3","4","0.585","13890.28"
"PATOS","PB","PATOS / PB","0.44","6636","14985","2","2","0.701","15882.57"
"PEDRAS DE FOGO","PB","PEDRAS DE FOGO / PB","0.36","1968","5449","3","5","0.59","14924.90"
"SANTA RITA","PB","SANTA RITA / PB","0.25","5190","20943","5","3","0.609","7261.62"
"SOUSA","PB","SOUSA / PB","0.37","3402","9298","3","3","0.668","15606.28"
"ABREU E LIMA","PE","ABREU E LIMA / PE","0.38","3737","9788","3","3","0.679","20164.90"
"ARARIPINA","PE","ARARIPINA / PE","0.58","3811","6561","1","3","0.602","11790.02"
"ARCOVERDE","PE","ARCOVERDE / PE","0.5","4142","8306","1","3","0.667","13278.18"
"BELO JARDIM","PE","BELO JARDIM / PE","0.23","2615","11131","5","4","0.629","23752.18"
"BEZERROS","PE","BEZERROS / PE","0.41","2337","5734","2","4","0.606","11752.51"
"CABO DE SANTO AGOSTINHO","PE","CABO DE SANTO AGOSTINHO / PE","0.36","13917","38824","3","1","0.686","48689.25"
"CAMARAGIBE","PE","CAMARAGIBE / PE","0.51","6178","12206","1","2","0.692","11238.05"
"CARPINA","PE","CARPINA / PE","0.46","5186","11293","1","3","0.68","15951.98"
"CARUARU","PE","CARUARU / PE","0.45","33015","73060","1","1","0.677","19311.06"
"ESCADA","PE","ESCADA / PE","0.36","2095","5839","3","5","0.632","12758.47"
"GARANHUNS","PE","GARANHUNS / PE","0.45","8689","19109","1","2","0.664","16899.40"
"GOIANA","PE","GOIANA / PE","0.21","4565","21807","5","3","0.651","115419.25"
"GRAVATÁ","PE","GRAVATÁ / PE","0.5","4481","8935","1","3","0.634","12841.62"
"IGARASSU","PE","IGARASSU / PE","0.26","5010","19582","5","3","0.665","21483.19"
"IPOJUCA","PE","IPOJUCA / PE","0.3","9292","31083","4","2","0.619","115089.32"
"ITAPISSUMA","PE","ITAPISSUMA / PE","0.22","1201","5375","5","5","0.633","53081.09"
"JABOATÃO DOS GUARARAPES","PE","JABOATÃO DOS GUARARAPES / PE","0.4","41895","106060","2","1","0.717","19463.25"
"LIMOEIRO","PE","LIMOEIRO / PE","0.52","3171","6051","1","4","0.663","13243.97"
"MORENO","PE","MORENO / PE","0.33","2079","6341","4","5","0.652","10989.60"
"OLINDA","PE","OLINDA / PE","0.4","29508","73733","2","1","0.735","13917.85"
"PALMARES","PE","PALMARES / PE","0.56","3599","6449","1","3","0.622","13271.65"
"PAUDALHO","PE","PAUDALHO / PE","0.46","2283","5005","1","4","0.639","13557.29"
"PAULISTA","PE","PAULISTA / PE","0.46","14360","31222","1","1","0.587","9714.50"
"PESQUEIRA","PE","PESQUEIRA / PE","0.47","2489","5253","1","4","0.61","10346.33"
"PETROLINA","PE","PETROLINA / PE","0.35","24213","69292","3","1","0.697","17454.51"
"RECIFE","PE","RECIFE / PE","0.51","313426","613804","1","1","0.772","31743.72"
"RIO FORMOSO","PE","RIO FORMOSO / PE","0.11","878","7680","5","5","0.613","11118.74"
"SALGUEIRO","PE","SALGUEIRO / PE","0.49","3228","6536","1","4","0.669","13113.10"
"SANTA CRUZ DO CAPIBARIBE","PE","SANTA CRUZ DO CAPIBARIBE / PE","0.39","4911","12570","2","3","0.648","13505.89"
"SÃO BENTO DO UNA","PE","SÃO BENTO DO UNA / PE","0.54","3009","5597","1","4","0.593","16201.53"
"SÃO LOURENÇO DA MATA","PE","SÃO LOURENÇO DA MATA / PE","0.51","4523","8942","1","3","0.653","9877.95"
"SERRA TALHADA","PE","SERRA TALHADA / PE","0.4","4094","10271","2","3","0.661","15628.85"
"SIRINHAÉM","PE","SIRINHAÉM / PE","0.24","2031","8530","5","5","0.597","10654.16"
"SURUBIM","PE","SURUBIM / PE","0.47","2673","5668","1","4","0.635","11989.36"
"TIMBAÚBA","PE","TIMBAÚBA / PE","0.43","2487","5777","2","4","0.618","12189.92"
"TORITAMA","PE","TORITAMA / PE","0.3","1645","5496","4","5","0.618","14131.28"
"VITÓRIA DE SANTO ANTÃO","PE","VITÓRIA DE SANTO ANTÃO / PE","0.28","6354","22548","5","2","0.64","26835.27"
"FLORIANO","PI","FLORIANO / PI","0.44","4186","9496","2","3","0.7","17285.07"
"PARNAÍBA","PI","PARNAÍBA / PI","0.48","9894","20624","1","2","0.687","13534.25"
"PICOS","PI","PICOS / PI","0.48","6191","12955","1","2","0.698","18531.43"
"PIRIPIRI","PI","PIRIPIRI / PI","0.42","2344","5574","2","4","0.635","10475.51"
"TERESINA","PI","TERESINA / PI","0.51","131439","258465","1","1","0.751","22481.67"
"ALMIRANTE TAMANDARÉ","PR","ALMIRANTE TAMANDARÉ / PR","0.35","4128","11869","3","3","0.699","13200.70"
"AMPÉRE","PR","AMPÉRE / PR","0.25","1302","5231","5","5","0.709","30580.11"
"APUCARANA","PR","APUCARANA / PR","0.33","10920","32934","4","2","0.748","23872.36"
"ARAPONGAS","PR","ARAPONGAS / PR","0.32","11046","34672","4","2","0.748","37763.08"
"ARAPOTI","PR","ARAPOTI / PR","0.31","1953","6268","4","5","0.723","39092.54"
"ARAUCÁRIA","PR","ARAUCÁRIA / PR","0.29","12278","41957","4","1","0.74","123478.34"
"ASSIS CHATEAUBRIAND","PR","ASSIS CHATEAUBRIAND / PR","0.45","2677","5922","1","4","0.729","33808.38"
"ASTORGA","PR","ASTORGA / PR","0.32","1771","5599","4","5","0.747","27526.81"
"BANDEIRANTES","PR","BANDEIRANTES / PR","0.37","2367","6404","3","4","0.727","22389.79"
"CAFELÂNDIA","PR","CAFELÂNDIA / PR","0.2","1955","9638","5","5","0.742","26542.48"
"CAMBARÁ","PR","CAMBARÁ / PR","0.29","1542","5316","4","5","0.721","24380.74"
"CAMBÉ","PR","CAMBÉ / PR","0.33","7391","22331","4","2","0.734","36457.75"
"CAMPINA GRANDE DO SUL","PR","CAMPINA GRANDE DO SUL / PR","0.43","3707","8717","2","3","0.718","34853.56"
"CAMPO LARGO","PR","CAMPO LARGO / PR","0.37","10656","28505","3","2","0.745","32610.37"
"CAMPO MOURÃO","PR","CAMPO MOURÃO / PR","0.41","10474","25834","2","2","0.757","36491.24"
"CARAMBEÍ","PR","CARAMBEÍ / PR","0.27","2015","7385","5","5","0.728","57644.15"
"CASCAVEL","PR","CASCAVEL / PR","0.39","39710","102210","2","1","0.646","12605.08"
"CASTRO","PR","CASTRO / PR","0.35","6179","17728","3","2","0.703","37188.13"
"CIANORTE","PR","CIANORTE / PR","0.32","7412","23164","4","2","0.755","34135.58"
"COLOMBO","PR","COLOMBO / PR","0.35","13702","38917","3","1","0.733","19939.76"
"COLORADO","PR","COLORADO / PR","0.26","1758","6871","5","5","0.73","26037.64"
"CORNÉLIO PROCÓPIO","PR","CORNÉLIO PROCÓPIO / PR","0.34","5238","15519","3","3","0.759","29744.38"
"CURITIBA","PR","CURITIBA / PR","0.42","353670","851913","2","1","0.823","44384.92"
"DOIS VIZINHOS","PR","DOIS VIZINHOS / PR","0.4","4405","10977","2","3","0.767","37879.33"
"FAZENDA RIO GRANDE","PR","FAZENDA RIO GRANDE / PR","0.37","5996","16192","3","2","0.72","25009.80"
"FOZ DO IGUAÇU","PR","FOZ DO IGUAÇU / PR","0.49","31842","64602","1","1","0.751","50990.89"
"FRANCISCO BELTRÃO","PR","FRANCISCO BELTRÃO / PR","0.37","8861","23861","3","2","0.774","34693.79"
"GOIOERÊ","PR","GOIOERÊ / PR","0.42","2212","5253","2","4","0.731","27491.30"
"GUARAPUAVA","PR","GUARAPUAVA / PR","0.35","14906","42695","3","1","0.731","31083.01"
"GUARATUBA","PR","GUARATUBA / PR","0.5","3245","6462","1","3","0.717","21191.97"
"IBAITI","PR","IBAITI / PR","0.34","1901","5547","3","5","0.71","20872.41"
"IBIPORÃ","PR","IBIPORÃ / PR","0.31","3678","11933","4","3","0.726","45682.17"
"IMBITUVA","PR","IMBITUVA / PR","0.24","1522","6451","5","5","0.66","26187.08"
"IRATI","PR","IRATI / PR","0.36","4296","11843","3","3","0.726","29692.43"
"IVAIPORÃ","PR","IVAIPORÃ / PR","0.51","2925","5777","1","4","0.73","23082.45"
"JACAREZINHO","PR","JACAREZINHO / PR","0.32","3232","10237","4","4","0.743","29277.85"
"JAGUAPITÃ","PR","JAGUAPITÃ / PR","0.2","1221","6027","5","5","0.715","57803.62"
"JAGUARIAÍVA","PR","JAGUARIAÍVA / PR","0.29","2396","8319","4","4","0.743","40846.10"
"JANDAIA DO SUL","PR","JANDAIA DO SUL / PR","0.32","1861","5860","4","5","0.747","30795.83"
"JOAQUIM TÁVORA","PR","JOAQUIM TÁVORA / PR","0.17","864","5101","5","5","0.7","51827.15"
"LAPA","PR","LAPA / PR","0.33","3087","9272","4","4","0.706","39093.39"
"LARANJEIRAS DO SUL","PR","LARANJEIRAS DO SUL / PR","0.42","2185","5255","2","5","0.706","22558.53"
"LOANDA","PR","LOANDA / PR","0.34","1793","5230","3","5","0.725","23346.57"
"LONDRINA","PR","LONDRINA / PR","0.43","69373","162911","2","1","0.778","34444.56"
"MANDAGUARI","PR","MANDAGUARI / PR","0.24","2530","10500","5","4","0.751","44573.48"
"MARECHAL CÂNDIDO RONDON","PR","MARECHAL CÂNDIDO RONDON / PR","0.36","5936","16609","3","2","0.774","42456.68"
"MARIALVA","PR","MARIALVA / PR","0.34","2719","8070","3","4","0.735","41387.71"
"MARINGÁ","PR","MARINGÁ / PR","0.35","55961","158349","3","1","0.808","41569.88"
"MATELÂNDIA","PR","MATELÂNDIA / PR","0.16","1437","8749","5","5","0.725","48850.92"
"MATINHOS","PR","MATINHOS / PR","0.52","3383","6531","1","3","0.743","22301.97"
"MEDIANEIRA","PR","MEDIANEIRA / PR","0.31","5640","18061","4","2","0.763","39985.46"
"PAIÇANDU","PR","PAIÇANDU / PR","0.37","2398","6537","3","4","0.716","21956.39"
"PALMAS","PR","PALMAS / PR","0.25","2805","11211","5","4","0.788","28754.00"
"PALMEIRA","PR","PALMEIRA / PR","0.3","2255","7591","4","4","0.718","42067.94"
"PALOTINA","PR","PALOTINA / PR","0.32","4654","14687","4","3","0.768","64919.11"
"PARANAGUÁ","PR","PARANAGUÁ / PR","0.31","12422","39842","4","1","0.75","64431.27"
"PARANAVAÍ","PR","PARANAVAÍ / PR","0.37","8326","22306","3","2","0.763","30150.97"
"PATO BRANCO","PR","PATO BRANCO / PR","0.37","10613","28747","3","2","0.782","44590.78"
"PINHAIS","PR","PINHAIS / PR","0.3","12686","41952","4","1","0.751","43213.64"
"PIRAQUARA","PR","PIRAQUARA / PR","0.5","3965","7911","1","3","0.7","11343.16"
"PITANGA","PR","PITANGA / PR","0.37","1958","5324","3","5","0.702","25468.47"
"PONTA GROSSA","PR","PONTA GROSSA / PR","0.38","33579","87843","3","1","0.763","42208.23"
"PONTAL DO PARANÁ","PR","PONTAL DO PARANÁ / PR","0.37","2416","6598","3","4","0.738","22756.68"
"PRUDENTÓPOLIS","PR","PRUDENTÓPOLIS / PR","0.4","2737","6833","2","4","0.676","22487.63"
"QUATRO BARRAS","PR","QUATRO BARRAS / PR","0.24","2010","8438","5","5","0.742","63752.50"
"QUEDAS DO IGUAÇU","PR","QUEDAS DO IGUAÇU / PR","0.29","1627","5697","4","5","0.681","38741.67"
"RIO NEGRO","PR","RIO NEGRO / PR","0.31","2372","7539","4","4","0.76","33081.89"
"ROLÂNDIA","PR","ROLÂNDIA / PR","0.27","5354","19950","5","3","0.739","40154.99"
"SANTO ANTÔNIO DA PLATINA","PR","SANTO ANTÔNIO DA PLATINA / PR","0.39","3995","10347","2","3","0.718","24910.49"
"SÃO JOSÉ DOS PINHAIS","PR","SÃO JOSÉ DOS PINHAIS / PR","0.29","25976","90988","4","1","0.758","73427.61"
"SÃO MATEUS DO SUL","PR","SÃO MATEUS DO SUL / PR","0.36","2745","7575","3","4","0.719","27273.55"
"SÃO MIGUEL DO IGUAÇU","PR","SÃO MIGUEL DO IGUAÇU / PR","0.41","2390","5807","2","4","0.704","34330.47"
"SARANDI","PR","SARANDI / PR","0.39","4779","12246","2","3","0.695","15469.55"
"SIQUEIRA CAMPOS","PR","SIQUEIRA CAMPOS / PR","0.26","1513","5928","5","5","0.704","25924.16"
"TAPEJARA","PR","TAPEJARA / PR","0.2","1073","5277","5","5","0.703","30357.99"
"TELÊMACO BORBA","PR","TELÊMACO BORBA / PR","0.28","5587","20210","5","2","0.734","49647.14"
"TOLEDO","PR","TOLEDO / PR","0.31","15560","50736","4","1","0.661","14247.08"
"UBIRATÃ","PR","UBIRATÃ / PR","0.26","1787","6758","5","5","0.739","39748.78"
"UMUARAMA","PR","UMUARAMA / PR","0.43","12938","29750","2","1","0.761","29870.46"
"UNIÃO DA VITÓRIA","PR","UNIÃO DA VITÓRIA / PR","0.36","4938","13748","3","3","0.74","26834.66"
"ANGRA DOS REIS","RJ","ANGRA DOS REIS / RJ","0.45","14669","32259","1","1","0.724","51893.01"
"ARARUAMA","RJ","ARARUAMA / RJ","0.46","7809","16990","1","2","0.718","19840.12"
"ARMAÇÃO DOS BÚZIOS","RJ","ARMAÇÃO DOS BÚZIOS / RJ","0.5","6236","12380","1","2","0.728","53078.97"
"BARRA DO PIRAÍ","RJ","BARRA DO PIRAÍ / RJ","0.44","6793","15545","2","2","0.733","20789.95"
"BARRA MANSA","RJ","BARRA MANSA / RJ","0.41","13176","32016","2","1","0.729","27211.05"
"BELFORD ROXO","RJ","BELFORD ROXO / RJ","0.44","14021","31897","2","1","0.684","16514.03"
"CABO FRIO","RJ","CABO FRIO / RJ","0.56","24723","44476","1","1","0.735","39781.41"
"CACHOEIRAS DE MACACU","RJ","CACHOEIRAS DE MACACU / RJ","0.43","3277","7590","2","3","0.7","16931.18"
"CASIMIRO DE ABREU","RJ","CASIMIRO DE ABREU / RJ","0.49","3076","6230","1","4","0.726","32620.43"
"GUAPIMIRIM","RJ","GUAPIMIRIM / RJ","0.47","2505","5277","1","4","0.698","15899.61"
"ITABORAÍ","RJ","ITABORAÍ / RJ","0.47","13293","28046","1","1","0.693","18012.86"
"ITAPERUNA","RJ","ITAPERUNA / RJ","0.46","9820","21564","1","2","0.73","27051.85"
"ITATIAIA","RJ","ITATIAIA / RJ","0.33","3072","9297","4","4","0.737","142045.96"
"JAPERI","RJ","JAPERI / RJ","0.45","2969","6597","1","4","0.659","15956.10"
"MACAÉ","RJ","MACAÉ / RJ","0.31","34936","112038","4","1","0.764","62961.48"
"MAGÉ","RJ","MAGÉ / RJ","0.48","9532","19685","1","2","0.709","16240.43"
"MANGARATIBA","RJ","MANGARATIBA / RJ","0.41","2317","5620","2","4","0.753","84853.61"
"MARICÁ","RJ","MARICÁ / RJ","0.43","9204","21527","2","2","0.765","74760.02"
"NITERÓI","RJ","NITERÓI / RJ","0.51","81938","159796","1","1","0.837","55049.66"
"NOVA FRIBURGO","RJ","NOVA FRIBURGO / RJ","0.38","18990","50147","3","1","0.745","27048.70"
"PARACAMBI","RJ","PARACAMBI / RJ","0.41","2150","5222","2","5","0.72","17699.45"
"PARAÍBA DO SUL","RJ","PARAÍBA DO SUL / RJ","0.43","3741","8719","2","3","0.702","21691.60"
"PARATY","RJ","PARATY / RJ","0.51","4286","8373","1","3","0.693","38364.52"
"PETRÓPOLIS","RJ","PETRÓPOLIS / RJ","0.43","30081","69633","2","1","0.745","42958.85"
"PIRAÍ","RJ","PIRAÍ / RJ","0.37","2851","7787","3","4","0.708","65807.27"
"PORTO REAL","RJ","PORTO REAL / RJ","0.18","1489","8107","5","5","0.713","151721.49"
"QUEIMADOS","RJ","QUEIMADOS / RJ","0.46","7064","15425","1","2","0.68","25476.94"
"RESENDE","RJ","RESENDE / RJ","0.37","13524","36158","3","1","0.768","60915.10"
"RIO BONITO","RJ","RIO BONITO / RJ","0.38","6593","17379","3","2","0.71","27465.65"
"RIO DAS OSTRAS","RJ","RIO DAS OSTRAS / RJ","0.43","10478","24557","2","2","0.773","39667.24"
"SANTO ANTÔNIO DE PÁDUA","RJ","SANTO ANTÔNIO DE PÁDUA / RJ","0.41","3214","7808","2","4","0.718","25401.13"
"SÃO GONÇALO","RJ","SÃO GONÇALO / RJ","0.49","51875","104938","1","1","0.739","16408.34"
"SÃO JOÃO DA BARRA","RJ","SÃO JOÃO DA BARRA / RJ","0.31","3222","10473","4","4","0.671","133281.92"
"SÃO PEDRO DA ALDEIA","RJ","SÃO PEDRO DA ALDEIA / RJ","0.45","5697","12533","1","2","0.712","21607.38"
"SAQUAREMA","RJ","SAQUAREMA / RJ","0.51","6096","11925","1","2","0.709","24569.66"
"TERESÓPOLIS","RJ","TERESÓPOLIS / RJ","0.45","15738","35165","1","1","0.73","28882.28"
"TRÊS RIOS","RJ","TRÊS RIOS / RJ","0.38","8081","21374","3","2","0.725","46779.06"
"VALENÇA","RJ","VALENÇA / RJ","0.41","4669","11500","2","3","0.623","14534.73"
"VASSOURAS","RJ","VASSOURAS / RJ","0.49","3478","7077","1","3","0.714","25670.96"
"VOLTA REDONDA","RJ","VOLTA REDONDA / RJ","0.4","28363","71116","2","1","0.771","42626.52"
"SEROPÉDICA","RJ","SEROPÉDICA / RJ","0.4","5624","13946","2","2","0.713","49882.41"
"SÃO JOÃO DE MERITI","RJ","SÃO JOÃO DE MERITI / RJ","0.51","27801","54792","1","1","0.719","19968.09"
"NILÓPOLIS","RJ","NILÓPOLIS / RJ","0.57","10273","18122","1","2","0.753","16698.88"
"DUQUE DE CAXIAS","RJ","DUQUE DE CAXIAS / RJ","0.43","61310","142998","2","1","0.711","45894.84"
"ITAGUAÍ","RJ","ITAGUAÍ / RJ","0.39","10122","25901","2","2","0.715","61819.73"
"MESQUITA","RJ","MESQUITA / RJ","0.45","5473","12187","1","3","0.656","7694.08"
"NOVA IGUAÇU","RJ","NOVA IGUAÇU / RJ","0.52","50419","96985","1","1","0.713","21077.70"
"RIO DE JANEIRO","RJ","RIO DE JANEIRO / RJ","0.46","966484","2106048","1","1","0.799","51776.18"
"BOM JESUS DO ITABAPOANA","RJ","BOM JESUS DO ITABAPOANA / RJ","0.53","3227","6046","1","4","0.732","20181.93"
"CAMPOS DOS GOYTACAZES","RJ","CAMPOS DOS GOYTACAZES / RJ","0.51","42644","83224","1","1","0.716","43013.04"
"CAICÓ","RN","CAICÓ / RN","0.44","4279","9807","2","3","0.71","16784.75"
"CEARÁ-MIRIM","RN","CEARÁ-MIRIM / RN","0.4","2334","5906","2","4","0.616","10949.67"
"CURRAIS NOVOS","RN","CURRAIS NOVOS / RN","0.41","2161","5316","2","5","0.691","15960.05"
"MACAÍBA","RN","MACAÍBA / RN","0.23","2130","9086","5","5","0.64","18483.39"
"MOSSORÓ","RN","MOSSORÓ / RN","0.42","24638","58249","2","1","0.72","20858.33"
"NATAL","RN","NATAL / RN","0.5","134322","266112","1","1","0.763","26497.08"
"PARNAMIRIM","RN","PARNAMIRIM / RN","0.44","17313","39641","2","1","0.766","19720.13"
"SÃO GONÇALO DO AMARANTE","RN","SÃO GONÇALO DO AMARANTE / RN","0.53","8084","15277","1","2","0.665","63842.84"
"SÃO JOSÉ DE MIPIBU","RN","SÃO JOSÉ DE MIPIBU / RN","0.39","2145","5556","2","5","0.611","17329.36"
"ARIQUEMES","RO","ARIQUEMES / RO","0.42","6678","15967","2","2","0.702","21389.67"
"CACOAL","RO","CACOAL / RO","0.4","7079","17645","2","2","0.718","24037.91"
"JARU","RO","JARU / RO","0.36","3518","9747","3","3","0.689","25301.65"
"JI-PARANÁ","RO","JI-PARANÁ / RO","0.38","10857","28621","3","2","0.714","22814.71"
"OURO PRETO DO OESTE","RO","OURO PRETO DO OESTE / RO","0.44","2319","5283","2","4","0.682","19560.69"
"PIMENTA BUENO","RO","PIMENTA BUENO / RO","0.32","3065","9506","4","4","0.71","28288.63"
"PORTO VELHO","RO","PORTO VELHO / RO","0.31","47567","152285","4","1","0.736","31793.20"
"ROLIM DE MOURA","RO","ROLIM DE MOURA / RO","0.33","3679","11017","4","3","0.7","22734.08"
"VILHENA","RO","VILHENA / RO","0.37","7660","20565","3","2","0.731","26723.64"
"BOA VISTA","RR","BOA VISTA / RR","0.58","48201","82598","1","1","0.752","26924.03"
"ALEGRETE","RS","ALEGRETE / RS","0.45","6176","13640","1","2","0.74","25890.38"
"ALVORADA","RS","ALVORADA / RS","0.38","5526","14445","3","3","0.708","38266.00"
"ARROIO DO MEIO","RS","ARROIO DO MEIO / RS","0.25","1694","6899","5","5","0.769","52217.83"
"BAGÉ","RS","BAGÉ / RS","0.48","10485","21845","1","2","0.74","24601.29"
"BENTO GONÇALVES","RS","BENTO GONÇALVES / RS","0.33","14169","43366","4","1","0.778","48069.12"
"CAÇAPAVA DO SUL","RS","CAÇAPAVA DO SUL / RS","0.41","2546","6207","2","4","0.704","23553.41"
"CACHOEIRA DO SUL","RS","CACHOEIRA DO SUL / RS","0.42","6189","14707","2","2","0.742","26888.12"
"CACHOEIRINHA","RS","CACHOEIRINHA / RS","0.26","8675","33453","5","2","0.627","11281.50"
"CAMAQUÃ","RS","CAMAQUÃ / RS","0.38","4415","11724","3","3","0.697","30617.83"
"CAMPO BOM","RS","CAMPO BOM / RS","0.29","6279","21383","4","2","0.745","43365.16"
"CANELA","RS","CANELA / RS","0.44","4160","9358","2","3","0.748","23256.35"
"CANOAS","RS","CANOAS / RS","0.37","29498","79748","3","1","0.75","55103.53"
"CAPÃO DA CANOA","RS","CAPÃO DA CANOA / RS","0.51","6351","12351","1","2","0.743","29783.96"
"CARAZINHO","RS","CARAZINHO / RS","0.38","5267","13878","3","3","0.766","41895.88"
"CARLOS BARBOSA","RS","CARLOS BARBOSA / RS","0.21","2565","12102","5","4","0.796","78474.36"
"CAXIAS DO SUL","RS","CAXIAS DO SUL / RS","0.29","43261","150876","4","1","0.782","44927.71"
"CHARQUEADAS","RS","CHARQUEADAS / RS","0.32","2145","6632","4","5","0.747","27018.08"
"CRUZ ALTA","RS","CRUZ ALTA / RS","0.41","5202","12567","2","3","0.75","50248.02"
"DOIS IRMÃOS","RS","DOIS IRMÃOS / RS","0.21","2491","11825","5","4","0.743","54907.61"
"DOM PEDRITO","RS","DOM PEDRITO / RS","0.41","2727","6722","2","4","0.708","34239.22"
"ELDORADO DO SUL","RS","ELDORADO DO SUL / RS","0.2","3131","15821","5","4","0.717","41214.19"
"ENCANTADO","RS","ENCANTADO / RS","0.26","1968","7628","5","5","0.767","37373.95"
"ERECHIM","RS","ERECHIM / RS","0.31","11098","35406","4","2","0.776","43354.43"
"ESTÂNCIA VELHA","RS","ESTÂNCIA VELHA / RS","0.25","3101","12618","5","4","0.757","27707.50"
"ESTEIO","RS","ESTEIO / RS","0.35","6106","17605","3","2","0.754","37789.87"
"ESTRELA","RS","ESTRELA / RS","0.27","2608","9830","5","4","0.767","38479.65"
"FARROUPILHA","RS","FARROUPILHA / RS","0.26","6416","25109","5","2","0.777","45466.72"
"FLORES DA CUNHA","RS","FLORES DA CUNHA / RS","0.22","2321","10449","5","4","0.754","50038.24"
"FREDERICO WESTPHALEN","RS","FREDERICO WESTPHALEN / RS","0.36","3200","8812","3","4","0.76","34087.29"
"GARIBALDI","RS","GARIBALDI / RS","0.22","2942","13396","5","4","0.786","53912.14"
"GRAMADO","RS","GRAMADO / RS","0.48","8804","18526","1","2","0.764","49078.69"
"GRAVATAÍ","RS","GRAVATAÍ / RS","0.3","15941","53344","4","1","0.736","45089.08"
"GUAÍBA","RS","GUAÍBA / RS","0.33","5726","17128","4","2","0.73","56669.84"
"GUAPORÉ","RS","GUAPORÉ / RS","0.26","2206","8367","5","4","0.765","33362.69"
"HORIZONTINA","RS","HORIZONTINA / RS","0.26","1492","5634","5","5","0.783","81910.12"
"IBIRUBÁ","RS","IBIRUBÁ / RS","0.34","2077","6102","3","5","0.765","44413.47"
"IGREJINHA","RS","IGREJINHA / RS","0.23","2771","12034","5","4","0.721","45664.66"
"IJUÍ","RS","IJUÍ / RS","0.39","8646","22046","2","2","0.781","38341.14"
"ITAQUI","RS","ITAQUI / RS","0.39","2759","7051","2","4","0.713","34314.16"
"IVOTI","RS","IVOTI / RS","0.26","2072","7823","5","5","0.784","40144.18"
"LAGOA VERMELHA","RS","LAGOA VERMELHA / RS","0.33","1990","5944","4","5","0.738","33907.96"
"LAJEADO","RS","LAJEADO / RS","0.31","11073","35649","4","2","0.675","20486.41"
"MARAU","RS","MARAU / RS","0.28","3928","13983","5","3","0.593","10002.94"
"MONTENEGRO","RS","MONTENEGRO / RS","0.32","6420","19952","4","2","0.755","51695.39"
"NÃO-ME-TOQUE","RS","NÃO-ME-TOQUE / RS","0.24","1689","6965","5","5","0.765","66717.81"
"NOVA HARTZ","RS","NOVA HARTZ / RS","0.16","1029","6553","5","5","0.689","30070.72"
"NOVA PETRÓPOLIS","RS","NOVA PETRÓPOLIS / RS","0.3","2164","7117","4","5","0.78","36889.75"
"NOVA PRATA","RS","NOVA PRATA / RS","0.3","2526","8508","4","4","0.766","46946.58"
"NOVA SANTA RITA","RS","NOVA SANTA RITA / RS","0.24","1855","7856","5","5","0.554","7668.97"
"NOVO HAMBURGO","RS","NOVO HAMBURGO / RS","0.37","26169","71291","3","1","0.747","35013.51"
"OSÓRIO","RS","OSÓRIO / RS","0.38","4282","11281","3","3","0.751","45569.04"
"PALMEIRA DAS MISSÕES","RS","PALMEIRA DAS MISSÕES / RS","0.42","2432","5759","2","4","0.737","38863.08"
"PANAMBI","RS","PANAMBI / RS","0.28","3583","12944","5","3","0.761","47201.27"
"PAROBÉ","RS","PAROBÉ / RS","0.22","2893","13153","5","4","0.704","20340.79"
"PASSO FUNDO","RS","PASSO FUNDO / RS","0.39","23495","59629","2","1","0.776","43183.62"
"PELOTAS","RS","PELOTAS / RS","0.44","32565","73947","2","1","0.739","24894.68"
"PORTÃO","RS","PORTÃO / RS","0.25","2035","8234","5","5","0.713","31050.80"
"PORTO ALEGRE","RS","PORTO ALEGRE / RS","0.46","300610","646928","1","1","0.805","49740.90"
"RIO GRANDE","RS","RIO GRANDE / RS","0.39","16998","43547","2","1","0.744","44014.66"
"RIO PARDO","RS","RIO PARDO / RS","0.39","2094","5329","2","5","0.693","22366.51"
"ROLANTE","RS","ROLANTE / RS","0.21","1458","7081","5","5","0.688","27098.22"
"ROSÁRIO DO SUL","RS","ROSÁRIO DO SUL / RS","0.4","2281","5634","2","4","0.699","22633.94"
"SANTA CRUZ DO SUL","RS","SANTA CRUZ DO SUL / RS","0.35","14579","41741","3","1","0.773","64653.78"
"SANTA MARIA","RS","SANTA MARIA / RS","0.44","30078","68359","2","1","0.59","11888.00"
"SANTA ROSA","RS","SANTA ROSA / RS","0.35","7683","22216","3","2","0.769","38626.76"
"SANTA VITÓRIA DO PALMAR","RS","SANTA VITÓRIA DO PALMAR / RS","0.37","2235","6098","3","4","0.712","30713.95"
"SANTIAGO","RS","SANTIAGO / RS","0.45","3700","8167","1","3","0.766","25091.89"
"SANTO ÂNGELO","RS","SANTO ÂNGELO / RS","0.39","7262","18523","2","2","0.772","29315.50"
"SANTO ANTÔNIO DA PATRULHA","RS","SANTO ANTÔNIO DA PATRULHA / RS","0.29","2892","9854","4","4","0.717","29928.66"
"SÃO BORJA","RS","SÃO BORJA / RS","0.39","4256","10862","2","3","0.736","28405.45"
"SÃO GABRIEL","RS","SÃO GABRIEL / RS","0.43","4037","9387","2","3","0.592","5590.49"
"SÃO LEOPOLDO","RS","SÃO LEOPOLDO / RS","0.32","17951","56812","4","1","0.739","33905.58"
"SÃO LOURENÇO DO SUL","RS","SÃO LOURENÇO DO SUL / RS","0.51","3007","5893","1","4","0.687","24869.92"
"SÃO LUIZ GONZAGA","RS","SÃO LUIZ GONZAGA / RS","0.4","2547","6409","2","4","0.741","32372.08"
"SÃO MARCOS","RS","SÃO MARCOS / RS","0.26","1727","6749","5","5","0.768","33071.06"
"SÃO SEBASTIÃO DO CAÍ","RS","SÃO SEBASTIÃO DO CAÍ / RS","0.23","1718","7596","5","5","0.739","25305.84"
"SAPIRANGA","RS","SAPIRANGA / RS","0.24","5836","24116","5","2","0.711","40917.42"
"SAPUCAIA DO SUL","RS","SAPUCAIA DO SUL / RS","0.36","7046","19668","3","2","0.726","22477.13"
"SARANDI","RS","SARANDI / RS","0.29","1892","6533","4","5","0.695","15469.55"
"SERAFINA CORRÊA","RS","SERAFINA CORRÊA / RS","0.22","1295","5918","5","5","0.76","38216.40"
"SOLEDADE","RS","SOLEDADE / RS","0.39","1960","5011","2","5","0.616","11374.68"
"TAPEJARA","RS","TAPEJARA / RS","0.26","2219","8409","5","4","0.703","30357.99"
"TAQUARA","RS","TAQUARA / RS","0.38","4104","10803","3","3","0.727","21839.10"
"TEUTÔNIA","RS","TEUTÔNIA / RS","0.26","2857","10994","5","4","0.747","41808.24"
"TORRES","RS","TORRES / RS","0.48","4707","9796","1","3","0.762","30954.27"
"TRAMANDAÍ","RS","TRAMANDAÍ / RS","0.5","3799","7579","1","3","0.719","21284.37"
"TRÊS COROAS","RS","TRÊS COROAS / RS","0.2","1682","8461","5","5","0.71","34279.43"
"TRÊS DE MAIO","RS","TRÊS DE MAIO / RS","0.34","2093","6153","3","5","0.759","38626.61"
"TRÊS PASSOS","RS","TRÊS PASSOS / RS","0.39","2317","5916","2","4","0.768","31662.32"
"TRIUNFO","RS","TRIUNFO / RS","0.24","2525","10516","5","4","0.609","7879.20"
"URUGUAIANA","RS","URUGUAIANA / RS","0.44","9386","21280","2","2","0.744","21633.17"
"VACARIA","RS","VACARIA / RS","0.3","5162","17190","4","3","0.721","32591.56"
"VENÂNCIO AIRES","RS","VENÂNCIO AIRES / RS","0.29","4592","15866","4","3","0.712","38258.63"
"VERANÓPOLIS","RS","VERANÓPOLIS / RS","0.25","1906","7604","5","5","0.773","56039.95"
"VIAMÃO","RS","VIAMÃO / RS","0.46","9735","20969","1","2","0.717","14049.15"
"ARAQUARI","SC","ARAQUARI / SC","0.2","2887","14491","5","4","0.703","111317.12"
"ARARANGUÁ","SC","ARARANGUÁ / SC","0.39","5893","15143","2","2","0.76","25697.19"
"BALNEÁRIO CAMBORIÚ","SC","BALNEÁRIO CAMBORIÚ / SC","0.48","23369","48539","1","1","0.845","38061.55"
"BARRA VELHA","SC","BARRA VELHA / SC","0.35","2263","6489","3","4","0.738","59902.18"
"BIGUAÇU","SC","BIGUAÇU / SC","0.29","3959","13436","4","3","0.739","24176.25"
"BLUMENAU","SC","BLUMENAU / SC","0.32","41771","131686","4","1","0.806","45934.42"
"BOMBINHAS","SC","BOMBINHAS / SC","0.52","3251","6309","1","3","0.781","32125.78"
"BRAÇO DO NORTE","SC","BRAÇO DO NORTE / SC","0.29","3288","11401","4","3","0.778","34745.45"
"BRUSQUE","SC","BRUSQUE / SC","0.27","12994","48732","5","1","0.795","45676.36"
"CAÇADOR","SC","CAÇADOR / SC","0.24","5801","23984","5","2","0.735","39751.41"
"CAMBORIÚ","SC","CAMBORIÚ / SC","0.36","3832","10722","3","3","0.726","17154.54"
"CAMPOS NOVOS","SC","CAMPOS NOVOS / SC","0.28","2625","9494","5","4","0.742","55010.59"
"CANOINHAS","SC","CANOINHAS / SC","0.37","4229","11455","3","3","0.757","29051.81"
"CAPINZAL","SC","CAPINZAL / SC","0.19","1662","8557","5","5","0.752","37208.20"
"CHAPECÓ","SC","CHAPECÓ / SC","0.3","23676","79371","4","1","0.79","41683.33"
"COCAL DO SUL","SC","COCAL DO SUL / SC","0.23","1161","5110","5","5","0.78","42920.62"
"CONCÓRDIA","SC","CONCÓRDIA / SC","0.3","8456","28500","4","2","0.8","43094.67"
"CRICIÚMA","SC","CRICIÚMA / SC","0.32","21676","67296","4","1","0.788","33811.63"
"CURITIBANOS","SC","CURITIBANOS / SC","0.32","3012","9463","4","4","0.721","37797.84"
"FLORIANÓPOLIS","SC","FLORIANÓPOLIS / SC","0.48","123979","256551","1","1","0.847","40162.60"
"FORQUILHINHA","SC","FORQUILHINHA / SC","0.2","1484","7413","5","5","0.753","31294.89"
"FRAIBURGO","SC","FRAIBURGO / SC","0.28","2532","8891","5","4","0.731","25027.50"
"GAROPABA","SC","GAROPABA / SC","0.44","2503","5658","2","4","0.753","24186.15"
"GASPAR","SC","GASPAR / SC","0.22","5000","22620","5","3","0.765","41905.48"
"GUABIRUBA","SC","GUABIRUBA / SC","0.15","1050","6821","5","5","0.754","39703.30"
"GUARAMIRIM","SC","GUARAMIRIM / SC","0.22","2698","12503","5","4","0.751","35841.52"
"IBIRAMA","SC","IBIRAMA / SC","0.2","1152","5796","5","5","0.737","22517.21"
"IÇARA","SC","IÇARA / SC","0.23","3746","16522","5","3","0.741","38324.51"
"IMBITUBA","SC","IMBITUBA / SC","0.42","4216","9968","2","3","0.765","35107.78"
"INDAIAL","SC","INDAIAL / SC","0.22","5318","23952","5","3","0.777","37591.23"
"ITAJAÍ","SC","ITAJAÍ / SC","0.31","26216","83338","4","1","0.795","103068.37"
"ITAPEMA","SC","ITAPEMA / SC","0.4","7128","17700","2","2","0.796","27752.25"
"ITAPIRANGA","SC","ITAPIRANGA / SC","0.2","1397","6832","5","5","0.654","11789.20"
"ITUPORANGA","SC","ITUPORANGA / SC","0.32","1982","6191","4","5","0.748","33774.95"
"JARAGUÁ DO SUL","SC","JARAGUÁ DO SUL / SC","0.25","15943","64994","5","1","0.803","49925.22"
"JOAÇABA","SC","JOAÇABA / SC","0.31","4961","15950","4","3","0.827","53259.48"
"JOINVILLE","SC","JOINVILLE / SC","0.3","63514","212908","4","1","0.809","47442.90"
"LAGES","SC","LAGES / SC","0.37","15945","43272","3","1","0.77","32011.96"
"LAGUNA","SC","LAGUNA / SC","0.42","2821","6766","2","4","0.752","18576.02"
"MAFRA","SC","MAFRA / SC","0.31","4203","13365","4","3","0.777","29691.89"
"MARAVILHA","SC","MARAVILHA / SC","0.24","2200","9060","5","5","0.569","7027.55"
"MORRO DA FUMAÇA","SC","MORRO DA FUMAÇA / SC","0.21","1282","5978","5","5","0.738","36240.10"
"NAVEGANTES","SC","NAVEGANTES / SC","0.27","5333","19647","5","3","0.736","53237.11"
"NOVA TRENTO","SC","NOVA TRENTO / SC","0.18","1032","5760","5","5","0.748","37131.33"
"NOVA VENEZA","SC","NOVA VENEZA / SC","0.16","1089","6726","5","5","0.768","47637.55"
"ORLEANS","SC","ORLEANS / SC","0.25","1711","6933","5","5","0.755","42795.88"
"PALHOÇA","SC","PALHOÇA / SC","0.35","14632","41414","3","1","0.757","29298.08"
"PENHA","SC","PENHA / SC","0.43","3012","6977","2","4","0.743","21714.92"
"PINHALZINHO","SC","PINHALZINHO / SC","0.26","1764","6872","5","5","0.725","16952.25"
"POMERODE","SC","POMERODE / SC","0.21","2924","14236","5","4","0.78","59345.03"
"PORTO BELO","SC","PORTO BELO / SC","0.38","2465","6477","3","4","0.76","46556.77"
"PORTO UNIÃO","SC","PORTO UNIÃO / SC","0.34","2110","6155","3","5","0.786","19967.54"
"PRESIDENTE GETÚLIO","SC","PRESIDENTE GETÚLIO / SC","0.17","1171","6763","5","5","0.759","36814.88"
"RIO DO SUL","SC","RIO DO SUL / SC","0.34","8326","24703","3","2","0.802","37165.06"
"RIO NEGRINHO","SC","RIO NEGRINHO / SC","0.25","2918","11822","5","4","0.738","25989.31"
"SANTO AMARO DA IMPERATRIZ","SC","SANTO AMARO DA IMPERATRIZ / SC","0.42","2281","5432","2","4","0.781","33332.32"
"SÃO BENTO DO SUL","SC","SÃO BENTO DO SUL / SC","0.25","7119","27967","5","2","0.782","36126.71"
"SÃO FRANCISCO DO SUL","SC","SÃO FRANCISCO DO SUL / SC","0.36","3940","11061","3","3","0.762","78766.76"
"SÃO JOÃO BATISTA","SC","SÃO JOÃO BATISTA / SC","0.2","1832","8961","5","5","0.598","6093.92"
"SÃO JOAQUIM","SC","SÃO JOAQUIM / SC","0.28","1706","6184","5","5","0.687","32219.50"
"SÃO JOSÉ","SC","SÃO JOSÉ / SC","0.33","32217","98672","4","1","0.809","42262.21"
"SÃO LOURENÇO DO OESTE","SC","SÃO LOURENÇO DO OESTE / SC","0.2","1808","9246","5","5","0.749","35419.61"
"SÃO MIGUEL DO OESTE","SC","SÃO MIGUEL DO OESTE / SC","0.35","4755","13651","3","3","0.801","36420.03"
"SEARA","SC","SEARA / SC","0.2","1334","6828","5","5","0.779","46370.69"
"SOMBRIO","SC","SOMBRIO / SC","0.33","2245","6852","4","4","0.728","25286.14"
"TAIÓ","SC","TAIÓ / SC","0.27","1412","5159","5","5","0.761","31407.39"
"TIJUCAS","SC","TIJUCAS / SC","0.3","3887","13062","4","3","0.76","39711.53"
"TIMBÓ","SC","TIMBÓ / SC","0.23","3965","16909","5","3","0.784","42803.22"
"TRÊS BARRAS","SC","TRÊS BARRAS / SC","0.19","996","5234","5","5","0.706","54489.79"
"TUBARÃO","SC","TUBARÃO / SC","0.36","13211","36671","3","1","0.796","33649.56"
"URUSSANGA","SC","URUSSANGA / SC","0.22","1384","6268","5","5","0.772","37504.97"
"VIDEIRA","SC","VIDEIRA / SC","0.26","5274","20472","5","3","0.764","42364.49"
"XANXERÊ","SC","XANXERÊ / SC","0.39","5552","14134","2","3","0.775","32237.14"
"XAXIM","SC","XAXIM / SC","0.23","2354","10449","5","4","0.752","32943.06"
"ARACAJU","SE","ARACAJU / SE","0.5","97601","195775","1","1","0.77","25185.55"
"ESTÂNCIA","SE","ESTÂNCIA / SE","0.39","3735","9456","2","3","0.647","23584.37"
"ITABAIANA","SE","ITABAIANA / SE","0.46","6869","14999","1","2","0.613","11180.86"
"LAGARTO","SE","LAGARTO / SE","0.39","4620","11864","2","3","0.625","14458.87"
"LARANJEIRAS","SE","LARANJEIRAS / SE","0.2","1239","6121","5","5","0.642","31185.77"
"NOSSA SENHORA DO SOCORRO","SE","NOSSA SENHORA DO SOCORRO / SE","0.33","6265","19111","4","2","0.664","14276.47"
"SÃO CRISTÓVÃO","SE","SÃO CRISTÓVÃO / SE","0.44","5657","12983","2","2","0.662","10196.55"
"ARAGUAÍNA","TO","ARAGUAÍNA / TO","0.41","13480","32998","2","1","0.752","22809.80"
"GURUPI","TO","GURUPI / TO","0.4","5878","14634","2","2","0.759","25209.50"
"PALMAS","TO","PALMAS / TO","0.56","70291","126321","1","1","0.788","28754.00"
"PARAÍSO DO TOCANTINS","TO","PARAÍSO DO TOCANTINS / TO","0.36","3048","8482","3","4","0.764","23756.02"
"PORTO NACIONAL","TO","PORTO NACIONAL / TO","0.39","3254","8348","2","3","0.74","49738.85"
